ID,Name
The_Black_Kid_Table,
A_300_éves_ember,
Hot_Blood,
Diamantenjagd,
Trailer_for_a_Remake_of_Gore_Vidal's_Caligula,
21._aug._2014_kl._21:25_-_Oddasat_-_nyheter_på_samisk,
Meltdown,
Science_Olympiad_Promotion_Video,
Odd_Socks,
And_Leave_the_Drive-In_to_Us,
SLAY:_The_Axell_Hodges_Story,
Sergeant_Miles_and_Tomas_Brand_Share_Yuri_Orlov's_Boy_Hole,
House_of_Lies,
Treat_Yourself,
The_Children_of_the_Battlefield,
Bedales,
7._januar_2008,
Chem,
Iesodo:_Believe,
Celebrity_Paranormal_Lockdown,
The_Caretaker,
The_Stoller's_Room,
Zweifel_und_Lügen,
Le_vaccin_du_dimanche,
Simha,
How_to_Tell_Stories_with_Technology,
We_Sing_Encore,
Kattathoru_Penpoovu,
Into_the_Deep,
City_Girls,
Sisyphus,
Rhume_fiction,
Stolen_Identity_2,
Lizard_Island,
Beyond_the_Aleutian_Islands,
Volcanoes_of_the_Deep_Sea,
Intense_Alpha_Males,
Artisan's_Holiday,
Análisis_a_la_masacre_de_Texas_(1974),
Influentia,
A_Lady_Mislaid,
Furin_OL:_Yagai_chigi,
Your_Name_Is,
Jet_Car,
Maigret_et_la_nuit_du_carrefour,
Tightly_lashed_to_a_chair_for_bound_orgasms,
Odcinek_3891,
Love_and_War?,
Controversial_Love_Dilemmas,
Taquillazos,
Robbie_Robertson,
Birthday_Blues,
Lamorne_Morris/Regina_Hall/Storm_Reid/Soccer_Mommy,
Game_On,
Docharkhe_Baz,
The_Fortress_of_Snowballs,
Der_schwarze_Jack,
I_Survived_I_Kissed_Dating_Goodbye,
Ben_Kronberg,
2_Dr._Seuss_Favorites:_Green_Eggs_and_Ham_and_the_Cat_in_the_Hat,
Mr._Pronka,
Romnick_Sarmenta/Harlene_Bautista,
A_Short_Story_and_a_Tall_Tale,
Sonic_the_Hedgehog,
Kri_Kri_e_Lea_militari,
2017_NBA_Playoffs_First_Round:_Indiana_Pacers_vs._Cleveland_Cavaliers,
World's_Biggest_Beasts,
Orkan_i_Burma,
Alice_Black,
Delicacy_of_Despair,
Atami:_The_Spa_Revival,
Mental_War,
Lil_Mizz_Unique_-_Brainless_Bimbo_Hogcuffed_For_You!,
Gymnasiet,
Hot_German_dominatrix_Lady_Cosima_dominates_submissive_slave_babe_PT_1,
Spirit_of_the_Scorcese,
Seishinbyou_ritânzu,
Hromadskyy_transport_i_parkovky,
Frisk_luft_och_friska_takter,
End_of_the_Ride,
Le_Lion,
Porcupine:_Taiwan's_Strategic_Approach_to_Survival,
How_to_Make_a_Great_Asian_Salad_Dressing_(Sesame_Ginger_Vinaigrette),
Power_Shifts_and_Political_Genius,
Once_More_with_Feeling,
Blind_Boys_of_Alabama:_Go_Tell_It_on_the_Mountain,
The_Sacred_is_the_Word,
We_Cannot_Exhibit_It,
In_the_Game:_Modern_Warfare,
How_to_Win_Toreba_-_Minion_Zip_Line_Bag,
7.5_minut,
G.I.A./G.P.S.,
Dude_Ranch,
Heath_vs_Wilson:_The_10_Year_Duel,
¡Rocco_sabe_la_verdad!,
8_Wheels_&_Some_Soul_Brotha'_Music,
Sweet_Insomnia,
Peggy_Cass_&_Paul_Anka,
Hero_of_Iron_Hand,
Serori_to_otumami_ika_no_sarada,
Best_of_2009,
Ozzie_and_the_Bridge_Group,
Biology,
Luteri_Dulhan_S01E04,
5_Creative_Excuses_for_Being_Late,
Bakunyû_no_charisma:_Seri_ishiguro:_Seikan_saimin_hamerare_3-P!,
Seigaku_saikyô_no_otoko_part_1,
The_Sleeping_Beauty,
Roland_Reber's_Cabaret_of_Death,
Football:_Franklin_Wildcats_at_Monterey_Trail_Mustangs,
A_Cow-Town_Reformation,
War_&_Knowledge,
The_Choice_2016,
Thoughts_on_SBF_in_Jail_and_the_US_Taxation_of_Staking_Rewards,
Sentimiento_de_FACILIDAD_-_Día_14,
Infinity_Yawn,
Flip's_Circus,
Summer_Semester,
Groeten_uit_Tirool,
SMG4:_Mario_Does_His_Laundry,
Imagina_94,
Quilt_from_Heaven,
Sitzstreik_gegen_herrische_Mutter,
Sentimental_Journey,
Manchester_City_-_All_115_Goals_-_2015/2016,
Épisode_293,
Gadgets,
Relativity,
Radiohammer,
Grand_prix_nostalgi,
Drs._Warning:_10_Accidents_Waiting_to_Happen!,
Mah_o_Meh,
Caillou_steals_candy,
Kira_Isabella_Live_at_the_Edison,
Photoreal,
Épisode_1,
Nature's_Touch,
Tampa_Pro_2008_Vert_MVP,
Sherlock:_Undercover_Dog,
Forti_&_The_Father_Figure,
Raw_Alaska,
La_adivinadora,
Black_Dagger/Todd_Nichols,
Millionär_gesucht!_-_Die_SKL_Show,
Peng_you_zhi_qi,
Never_a_Doll_Moment,
Kára_plná_bolesti,
Heads_and_Tails,
Niels_Bohr,
Die_Schlacht_um_Brukman,
Michelob_Mayer,
Dit_is_niet_mijn_wereld_vriend,
Der_Einbrecher_und_das_Hochhaus_-_Ein_Neuanfang,
Ready_to_Mingle:_No_Filter,
Nyotai_meguri,
Felina,
Sadie's_Country_Carnival,
Empty_Spaces,
La_Folle_Journée,
Die_Narbe._Westberlin_(West),
The_Way,
The_Basement,
Kankin_ryojoku_reipu_Aido_ai,
Up_and_Cummers_69,
Crazy_Heaven,
Sangra_Tango,
Compsognathus,
The_Whole_Tooth,
Dad,
Malucos_no_Hospital,
¿Dónde_está_mi_hijo?,
Drakengard_3,
Luncheon_Club,
Die_Zweitfamilie,
Finale,
Il_filo_della_memoria_-_Giuseppe_Pinelli,
Making_the_News,
Brighter_Side_of_Darkness,
Reality:_Virtual_Battle,
Fûun_hachi_manki,
Sakuretsu!_Gyojin_Arlong_Umi_kara_no_Moukougeki!,
It's_Just..._Weird,
9/3/2023,
En_route_pour_la_grande_école,
Electio,
Yedi_Güzel_Adam,
Howlin'_Refrain,
Heartless,
Hot_Fuzz:_Utilitarianism_and_the_Greater_Good,
Sheep,
Late_Shift,
Triple_P...,
Ngozi,
Big_Little_Lies,
Frankenheimer_in_Focus,
Die_Heimatorgel/Das_schwarze_Schaf/Zu_Gast_bei_Onkel_Franz/Der_letzte_Wille,
Duh_Bomb,
Kidnapped,
3/24/2021,
Tiny_Birthday_Party,
Musical_Notes,
The_Blind_Side,
Daria,
Felicia_Michaels_&_Vince_LaBouve,
Chub-e_Pelletier:_Life_Goes_On,
Trucks_vs_Giant_Wrecking_Ball,
We_Must_Stop_the_Next_Congress_on_CRSPR_Editing_of_Sperm_&_Eggs,
Commuters,
My_Jelly_Baby_Lesson,
Behind_the_Scenes_at_Super_Bowl_LII,
Breakages,
Agent_of_Connection,
All's_Fair,
LexLos_Mail_Haul_#1,
(Casi)_Todo_por_placer,
The_Melting_Pot_of_the_Pacific,
Happy_Family,
Will_Currie_and_the_Country_French_&_Entire_Cities,
A_Season_with_Notre_Dame_Football,
Fragmented,
Cloaca,
12._juni_2018,
Online_Dating,
Hasta_Santiago,
Color_or_Highlight_Before,
4/27/2021,
Qui_va_à_la_chasse...,
Ep_8,
Comedy_Central_Roast_of_Joan_Rivers,
11._feb._2016_kl._13:00,
Neue_Heimat_Skandinavien_-_Lutz_und_Eve_gehen_nach_Norwegen,
The_Tenant,
Battlefield_Earth,
Rosas_Roubadas,
Professor_Hooper's_Travels_of_the_Mind,
Der_Mörder_meiner_Mutter,
A_Rookie_Script,
Ninety_Nine,
Mannu_finds_out_about_his_father,
"Comedian_Kevin_Nealon/""Scandal's""_Notoriously_Bad_Dad_Joe_Morton/The_Famed_Chef_Susan_Feniger",
Anatole_and_the_Hunchbat_of_Notre_Dame,
Lake_of_crystals,
The_Call_of_the_Mild,
Göbekli_Tepe:_Genesis_of_the_Gods_with_Andrew_Collins,
Selam,
Elefantastischer_Alltag,
Popisivac,
Kortársvesztés_fiatalon,
Merely_a_Maid,
Tickets,
The_Best_Around,
Finders_Leapers,
Tame,
Fribytterdrømmen,
My_Daughter_Knows_Her_Way_Around,
A_Tail_of_Love,
Unaired_Pilot,
Riot_House,
Vrbica,
Top_10_Events_You_Forgot_Happened_in_the_90s,
Premalo_Sidhu_Shruthi,
Kikuchi,
Beyond_New_England_Mania,
2._februar_2014,
Before_All_Others,
Tyler_Posey,
The_Game_Begins,
Phoenix_Suns_at_Golden_State_Warriors,
Can't_Hardly_Wait,
Keerakh,
Coping,
Lights_Out,
Racconti_a_Milano_sud_est,
Look_at_Life:_Deer_Hunters,
Pushing_the_Limits,
Rocco_vs_Cleopatra,
Emperors_New_Clothes,
BTS_on_The_Walking_Dead_w/Karen_Ceesay,
Alceste,
Arturo_Fernández,
Purinsesu_hajirai_no_shoya,
From_Vinyl_to_Camila,
8_Million_Gods_and_a_Beast,
Tolle_Sachen,
So_They_Say,
25._april_2012,
Hausbesuch_-_Burg_Kurzen_Trechow,
The_Deal,
La_Boheme,
U.S._Supreme_Court_Refuses_to_Resolve_IRS_Cannabis_Lawsuits_for_a_Second_Time,
The_boomerang_principle,
Gastspiel_im_Paradies,
Jäljet,
A_Desperate_Pursuit,
Porkchop_&_the_28th_St_North_Carolina_Watermelons,
The_Meaning_of_Life,
It's_a_Boy,
Love_Is_a_Rose_and_You_Better_Not_Pick_It,
Race_Cars,
Chances_and_Circumstances,
Everybody_Hates_Halloween,
Blue_Steel,
Pogromca_wampirów,
Tomas_falsas_de_Kárate_chema_kid_y_Póker_de_loly,
Che_ne_sarà_di_noi,
Anna_Faris/Amy_Sedaris/Tyminski,
Secrets_of_the_Gods,
Lifted,
Bók,
Vypusk_#4._Novyy_format,
All_Is_Well,
Appearances_Are_Deceptive,
Mamang_pulis,
The_Cradle_Buster,
The_Execution,
Sunset_Daze,
A_Moment_to_Remember;_A_Debt_of_Wishes,
Lost_with_Guns_Blazin',
Permanencia_voluntaria,
Usher,
Guilty_or_Innocent,
Disloyalty,
Clonakilty,
Welcome_to_the_World's_First_Commercial_Astronaut_Corps,
We_Bare_Bears:_Quest_for_Nom_Nom,
KHBbS_Final_Mix,
Press_Conference_-_Video_Games,
Juicy_Bottom,
The_Quebe_Sisters_Band,
Wake_Up_Call,
Song_I_Have_Decided_to_Follow_Jesus,
Trentham_Gardens_1,
Let_Me_Show_You_Something,
Dream_wing:_Yume_no_arika,
The_Pack_2022,
American_Pie,
Tree_of_Life,
The_Ace_of_Spades,
Fraternity_Vacation/Combat_Academy,
The_Scoey_Mitchlll_Show,
Splinter_Cell_Echoes_Comic_Dub,
Long_Road_to_Paradise,
115._Bölüm,
Mus_i_hus,
Billie_Dildo_Trap_Part_2,
The_Superheroes_Hangover,
El_orden_natural_de_las_cosas,
After_the_Day_2:_Before_the_Knight,
Daudz_baltu_dieninu,
Am_Dro!,
Mit_Herzbumpern_ins_neue_Jahr,
That's_What_She_Said,
Perla,
Slapping_His_Face_Got_Sahrye_Tied_Up_and_Manhandled,
Cyril_Stapleton_and_the_Show_Band,
Thanks_for_Nothing,
Man_of_the_House,
The_Tunnels_Below,
Umarat_Rushdi,
Hogan,
Second_Chances,
One_Hundred_and_Fifty_at_Fifteen,
Songs_of_the_Past,
29_April_2021:_Late_Bulletin,
Apocalipse_6,
Centered_with_Jeff_Saturday,
13._juli_2012_kl._17:00,
Finding_a_Voice:_A_Conversation_with_composer_Charles_Bernstein,
Who_Is_Paloma_Carter?,
Los_nuestros,
S1_Ep158,
They_Hide_in_the_AC,
Anhelo_de_padre,
Bah!_Lovebug!,
Bonds_Do_Not_Have_Energy!,
Movies,
Desayuno_con_Diamantes,
Another_Thursday_at_County,
Housewife,
Piggyback_Challenge!,
6._juli_2016_kl._20:55,
Innovations_in_Science_&_Medicine,
Mathe_Ergati_Pos,
Perverse_Faust,
Música_Maestro:_Mira_Mira!,
Shakira_Live_at_IHeartRadio,
Reh_und_Hirsch,
She_Shops_at_the_Co-op,
Sad_Robot_Making_Blocks,
The_Pandora_Pup,
Pale_Eyes,
Eegee's:_Watermelon_Pineapple,
Buzzy_Bee_Jamboree!,
Ritual_dos_Pequenos_Vampiros,
12._juli_2017_kl._18:45,
Marriage_Is_Made_in_Heaven,
10._feb._2016_kl._20:55,
Personal_Peace,
Ass_Crack_Game,
Stacey_Dash;_Jack_McBrayer,
Day_4:_Twintroduction,
The_Muddy_Handed,
We're_Not_Worthy,
In_Loving_Memories,
Donal's_Message:_From_Home_to_Rome,
Ladilla_Rusa,
Millom_Just_a_Name,
20._aug._2014_kl._20:55_-_Distriktsnyheter_Østnytt,
Time_of_Tears,
Le_Monde_Selon_Suheres,
This_the_Face_of_Someone_Who_Can't_Stop_Cumming._Of_Someone_Not_in_Control_of_Anything,
Sex_Ed_101,
King_Kong:_The_Present,
Project_Mandy,
Influencer_shocks_Mom_with_her_new_'Cat_Eyes',
Raúl_le_cuenta_a_Diana_sobre_su_romance_con_Sandra,
Why?,
President_Henry_J._Eyring_|_A_Consecrated_Life_/_Sister_Kelly_C._Eyring_|_Advice_from_Sister_Hinckley,
The_Tax_Return,
The_End_of_Time,
Marta_y_Lester,
Leaving_the_Hospital,
Perfect_Party,
La_plus_noble_conquête_de_Nestor,
Rodeo,
Ground_Force_Goes_East,
Colors,
Depressed_Nation,
Ari_Global_at_GQ_Magazine_Spain_30th_anniversary,
In_Absence,
Pause_von_Zuhause_-_Hilfe_für_pflegende_Angehörige,
Swimming_Time,
Lesbian_Touch_2,
Undertow,
I_de_lugnaste_vatten...,
Feina_i_poder,
Birth_Pangs,
Ningen_no_uta,
The_Making_of,
Borduria,
The_Amazing_Levitation_of_Matthew_Renner,
Fieber,
La_Nuit,
Our_man_in_Cairo,
Los_Angeles_Dodgers_vs._San_Diego_Padres_8/6,
Big_Phat_Apple_Bottom_Bootys_16,
Science_vs._Magic!!_Chemistry_Experiments_with_Ivy_League_Science,
Alan_Cartier_&_Rhys_Jagger,
Nashörner_unter_dem_Hammer,
Treble_Cross,
Bigfoot,
Yeah_the_boys,
Om_de_tidlige_film,
Jueves,
Lude,
Shadow_People,
The_Omega_Man_-_Eu_Sou_a_Lenda?,
Rope_Bottom,
La_Poire_Vagabonde,
Siege_(Hesar),
OG_Black_the_Snake_Man,
Dead_Wrong?/Fantasy_Island/Ten_Extraordinary_Women,
I_Hate_That_Ba***rd!_First_Impression:_Girl_on_the_Third_Floor_(2019),
Ein_schrottiger_Einfall,
MVBK_-_mellersta_Vuollerims_bollklubb,
Le_piège,
Kapers_en_kooplui,
Trail's_End,
Der_verbrannte_Mann,
Volcans_destructeurs,
Kono_yo_no_hana:_Daichibu_bojo_no_maki,
The_Man_You_Always_Wanted,
19._september_2019,
Eberhard_und_Stefanie_Schoener_-_Dirigent_und_Komponist/Autorin,
Les_pianos_de_la_nuit,
Flipped,
Pia_hat_eine_Überraschung_für_Rolf,
Paula_Carolina,
Everything_Wrong_with_Ready_Player_One,
The_Teddybear,
Fairy_Secter_Tentoh_Battle_1,
Jacare_Souza,
Seddülbahir_32_Saat,
Dutch_Treat,
LIVE_PÅ_TILT_#3:_Frida_spiller_Cuphead_på_Expert_Mode,
If_I_Leap,
Dominique_Gabrielle_in_Time_and_Place,
Heartbroken_Jon,
Burû_moshiku_wa_burû:_Mô_hitori_no_watashi,
Corleone,
Wohin_führt_Haider_Österreich?,
Akiko,
The_Get_Together,
Ore_Remembrance,
During_Roland_Garros,
Daniel's_Death,
Round_One:_White_vs_Red,
L'orto_botanico_di_Padova,
Grace,
Waves_and_Wheels,
Rache_ist_süß,
La_sécurité_est_un_combat,
CMA_Country_Christmas,
Cut_by_Cut:_Editing_'Six_Feet_Under',
Dot's_Downfall,
Fighting_the_Fire,
6._nov._2012_kl._18:40,
Holiday_Episode:_Part_1,
Ilosofiaa,
Pilot,
Crockpot,
Almenar_negocia_por_su_hija,
Landscape_Eggs,
Le_braconnier,
Walk_This_Street_Lightly,
Seddiemania,
Cyber_Animal,
White_Power,
Report_About_DEATH,
It's_Okay_to_Drink_Whiskey,
Rush_Limbob,
Pitter_Patter,
Geena_in_Graffiti_Curves,
Not_That_Gram,
Vultures_Die,
Born_in_Hawai'i,
Mon_Chum_Bécique,
Por_Onde_Já_Passamos,
Mock_Tutor,
12._aug._2001_-_Søndagsrevyen,
When_We_Were_Young,
15._aug._2017_kl._20:55,
I_Hate_The_Opposite_Gender.._Ew,
Episódio_#11_-_Marcos_Palhares,
Bust_a_Move/What_I_Like_About_You,
Mil_Horas,
Douce_France,
Hidden_Temples,
Maid_Gets_Very_Horny,
Hakim,
Joe_DiMaggio:_The_Way_It_Was,
It's_About_Time,
Atala,
1._juni_2016_kl._20:55,
Una_Settimana_Offline,
Gespannt,
Rushing_into_the_Big_12_with_Aidan_Robbins_(1-3-23),
The_Mind_of_a_Leader_II_Based_on_Sun_Tzu's_'The_Art_of_War',
Dementia,
Paper_Life,
Just_Hold_Still,
Yoplait's_Starburst_Flavored_Yogurt,
We're_Gonna_Be_on_TV!,
On_Strings,
Brutal_Ajax_2:_Just_Outta_Jail,
Help_Thy_Neighbor,
Grandpa_Leaves_Home,
L'étudiante_blessée,
Alonso_está_perdiendo_el_control,
Slam_Funk,
En_nat_i_København,
Hayaku_okita_asa_wa_...On_Stage_the_Movie,
The_£1000_Trainer_Challenge,
All_Our_Sons:_Fallen_Heroes_of_9/11,
Folkestyret_arbejder,
Q_Question_Mark,
My_Lucky_Day,
Georgia_O'Keeffe:_Painter_of_the_Far_West,
Black_Cocks_White_Sluts_2_-_Scene_4,
Mezi_námi_tremi,
Finale_Klarheit,
The_New_World,
He-Man_Is_NOT_Hard_To_Get_Right,
Ms_London,
Painting_Class,
Faithful,
Pilots_on_the_Way_Home,
It's_Ok_to_Be_30,
Satsujinki_no_fune,
Hot_Cousin,
Wallace_&_Gromit's_BIG_Bake,
How_Did_We_Miss_This?!_(Hell_Week_reaction),
Addicted_to_Beans_and_Chips,
He's_Here.....,
The_Damned_Truth,
Åkes_tvillingsjäl,
Damned,
Essence_of_the_Martial_Arts,
Coming_Out_in_the_1950s:_Stories_of_our_Lives,
Funk_in_the_Trunk_(Ring_of_Fear),
The_Gamblers,
Jean-François_Damphousse,
Top_4_WORST_Video_Games_Coming_out_this_Fall_:),
Pimp_Juice_1,
The_Lost_Child,
Flüchtlinge_unter_Verdacht_-_Willkommenskultur_am_Ende?,
Ostatnie_sledztwo,
Lipton_Cockton_in_the_Shadows_of_Sodoma,
Meghan_Trainor_&_Christian_Siriano,
Der_Fall_Hugo_Stinnes_jr.,
Law_of_the_Jungle,
Velasquez_vs_Lensar,
Lock_and_Key,
No_Shoes,
L'enfance_de_l'art,
Leave_a_Message,
Snowball_Fight,
Glidepath,
Butt_Crack_Spy,
Going_for_Gold,
The_Reunion_Show,
The_Generation_of_Change,
Bodybuilders,
Avsnitt_4,
Mira_Sorvino/David_Paymer/Goo_Goo_Dolls,
Aflevering_6093,
It's_Reynin'_Cakes,
TSY:_Time_Slip_Yankee,
Domingo_del_pez,
How_to_Handle_a_Blackout_with_Meg_March,
Easy_Years,
Mark_Schuller_-_Haiti's_Humanitarian_Occupation_Ten_Years_Later:_NGOoing_the_Country,
14th_January_2019_Evening_News,
Ein_Leben_Lang,
Abu_Dhabi_Police_Bike,
Snake,
Zona_Ribeirinha_de_Lisboa,
DJ_Khaled_Goes_Sneaker_Shopping:_Part_2,
Called_Up,
Balalaika,
The_Best_Employee,
Deep_Sleep,
Devin/Mary/Brian,
Maan_Rahe_Tera_Pitaah,
Adam,
Biohazard,
Seashore/Washing_&_Drying,
The_Gun_from_Boot_Hill,
Cheese,
Vancouver_&_Victoria,
La_Pequeña_Revancha:_A_mi_pesar,
Murder_in_Mississippi,
BBC_Earth_Unplugged,
Arabida,
Magnets,
Alison's_Business,
2013_Hyundai_Sun_Bowl,
Pit_Fallout,
Le_Démotivateur,
Problem,
La_hermana_menor,
Luisa_Miller,
A_Walk_in_the_Dark,
Dan_Gable,
The_Little_Match_Girl,
Revista_para_la_mujer,
Vous_avez_du_talents,
The_Lea_Valley_Growers_Association,
Into_the_Fire:_The_Battle_Over_Malta,
Fast_Cars_5,
Vypusk_5,
Act_of_Valor,
Pinsex/Nr._10/Boventallig,
Il_ritorno_di_Emilio,
Everyday_People..._a_sketch_comedy,
Strax_Saves_the_Day,
Cuatro_paredes_y_un_techo,
In_Jasny,
93:_l'indispensable_industrie_du_shit,
Left_begging_to_be_hogtied,
Labyrint_casu,
Jamie_Murray,
Ava's_Story,
Mitsubishi_Lancer,
Animal_Ambassadors,
Stunned_Man_Futz!,
Common/Pete_Rock/Johnnyswim/,
Tim_Dillon:_A_Real_Hero,
Slash_Deck,
Si_Poo_Vaa,
House_of_Spirits,
Heart_of_Darkness_-_Part_1:_Gotta_Find_My_Dog!,
Learn_Windows_95:_Level_1,
Share_Options,
Oh_La_La,
A_Glittery_Sorority_Craft_Project_with_YouTube_DIY_Expert_Riann_Star,
Pack_A_Punch,
Summer_Music_Theater,
Hibernación,
Melissa_locked_in_a_custom_metal_waist_cincher,
Joey_the_Man,
Of_Domes_and_Robes,
The_Winner_Loses,
Geheime_missie,
Edray_&_Jessica,
Pomme,
Mind's_Eye,
Piano_Man_Bill,
Panics_Two,
8/4/2021,
Un_As_en_la_manga_de_Dios,
O'Reilly_Auto_Parts_253,
Mantryachi_Soon,
Un_bal_d'enfants,
NBA_Mascots_That_Will_Give_You_Nightmares,
Ausgabe_137,
Floating,
Why_Do_I_Cry,
Die_verbotene_Halbinsel_Wustrow_-_Urwald_hinter_Stacheldraht,
Schloss_Lembeck,
Sensei_shi_no_nigate_wa_okaa-san_no_maki,
USS_Callister,
Your_Services_No_Longer_Required,
Hollywood_U.,
Angelo_il_custode,
Carambar,
Rabbit_Goes_Fishing,
Night_Job,
Speak,
Efemérides,
Victorian,
Fair_Trade,
Do_You_Trust_Me?,
7._sep._2015_kl._20:55,
Casa_del_teatro,
Eddie_Griffin:_Voodoo_Child,
Doctor_Who:_The_Dream_Child,
Who's_Zoomin'_Who?,
Cool_Beerwerks,
Fraternidade_Ibérica,
Bedroom_Bedlam,
Three_Breath_Play_Episodes_-_Part_Seven,
Grazhdanka_nachalnitsa._Prodolzhenie,
Say_My_Name,
AAM_Gayab,
Auf_der_Kippe,
Paprika_Steen,
Fatherhood,
Job_Interview_in_Bulgaria,
Hex,
The_Runaway,
Living_in_the_air,
Ne_dites_pas_à_ma_mère:_Destination_l'Iran,
Odetta,
The_Equalizer:_A_Villain's_Psychosis,
Let's_Be_Friends!_Follow_the_Phantomi_Dia!,
"That's_""Yui-nya_Quality""",
Lov_u_prazno,
Matchmaker,
Sindbad_le_Marin,
The_Burning_Train,
Avsnitt_2,
Untitled_Fredric_Schwartz_Project,
Conte_de_Nadal,
Understanding_Your_Voice,
Carmarthen,
Rumpelstintskin,
Man_Hand-Delivers_Dreams_to_Subscribers,
Only_Yesterday,
Soredemo_tabidatsu_kimi_no_asa,
One_Year_On,
We_Found_a_Hat,
Shanghai_Man_Woman,
Borba_za_shtastie,
Soldaterløjer,
Is_There_Still_Hope_for_Zheny_and_Chen?,
Re:_Disappearing,
Bhama_Vijayam,
Od_inata_nema_goreg_zanata,
Erwiana:_Justice_for_All,
Susannah_York,
Different_Drummer:_Elvin_Jones,
La_lettre_vivante,
The_Front_Seat,
Swathi_Chinuku_Sandhya_Velalo,
All_About_Eve,
Hell's_Greatest_Hoaxes_on_America:_Part_1,
I_Miss_Mum,
Demo_Reel:_Episode_03,
Hotel_X,
Piss_Cocktail_für_Kirie,
The_Velvet_Underground_and_Nico,
ANLA_135,
Sugamama,
Miss_Granny,
L'agent_plongeur,
Futugatas,
Bayarang_adonis:_The_Kristoffer_King_Story,
Das_goldene_Ei,
Alergie,
Behind_the_Badge:_The_Evolution_of_Policing_in_Aboriginal_Communities,
Principal_Swanson,
Mission_-_Mind_Control,
Code_Blu,
People_Count:_Facts_of_the_Heart,
Eden,
017:_City_of_Invention,
Gone_Missing,
Women_and_Media,
Free_Bird,
The_Plains,
Winter_Is_Coming_2023,
Handgag_Battling_Bitches!,
VM_Virginia,
DJ_Bass_Gets_Inspired,
Operación_Antartida,
Death_Warmed_-_Up,
Introducing_Bree_Browning:_Loving_Yourself,
Ruthless,
The_Night_of_the_Torture_Chamber,
Thomas_et_les_lions,
Made_for_Murder,
Lasier_Martins,
Undocumented_&_Unafraid,
Butthurt_Be-Gone,
Margarida_Rebelo_Pinto,
Steve_Levine:_Dinner_for_One,
Foreign_Affairs,
Le_Canal_des_Nouvelles_Modifiées,
Special_Glue_and_Other_Stories,
No._72,
Storm_Front,
Ole_Magnus_-_Manden_med_rebene,
Galveston_Disaster,
Cyclone_Thomas,
Flunked,
Maria_og_Jeppe_og_ei_øy_i_havet,
Here_Cums_Alice,
Qui_ha_sigut?,
Punkin_Chunkin,
Bathroom_BJ_And_Bedroom_Fuck,
Noddy_and_the_Case_of_the_Unhelpful_Queen,
Be_with_Me_(the_Notebook),
Family-Business,
26_Unusual_Occupations,
The_Giant_Gila_Monster,
The_Lion's_Breath,
Don't_Fence_Me_In,
What_He_Saw,
TheWrap.com's_Pre_Oscar_Party_2013,
Renovation_Whisperer,
Isabel_Pantoja,
RANDY's_Philosophical_Journey,
Xiannas_Big_Day,
Escape_Plan,
Ans_Kreuz_genagelt,
K!_50:_Lost_Prophets'_21st_Century_Anthems,
Night_of_Morbus,
Go_Jetter_Heroes:_Polar_Explorers,
The_TaeTiSeo,
The_French_Fleet_at_Portsmouth:_Living_Words_of_Welcome,
Johnny_West,
Robbing_the_Fishes,
Verschleppt,
O_Cordão,
Journées_Patrimoines_au_Sénat/Maires_de_France,
Bully,
Lorca_and_the_Outlaws,
Voluptuous_MILF_Quinn's_Anal_Sins,
Superstars_und_Jury-Wichser,
L'Empire_chinois_a-t-il_rencontre_l'Empire_romain?_-_Les_routes_de_la_Soie,
Altinordu_vs._Denizlispor,
Password,
Target_Earth,
Scooby_and_Scrappy-Doo_7_Minute_Mysteries_-_Series_in_Review,
New_Normal,
Michelle_ist_tief_getroffen,
The_Fight_for_Life,
Una_Hora_Por_Favora,
Mark_of_the_Tortoise,
The_Legacy_of_a_Luchador,
Ol'_Guy,
Fred,
Jamie_Lee_Curtis/Amanda_Kloots,
11/19/2012,
Dustin_Hoffman,
The_Illegal_Invasion,
Sweet_Cream,
The_19th_Annual_Satellite_Awards,
ThunderCats,
The_exciting_life_of_a_stuntman,
Die_Rache_der_Carola_Waas,
Épisode_128,
Big_Titty_Slut_Inspection_Samantha_Mack,
Harry_Potter_and_the_Deathly_Hallows:_Part_2,
They_Ring_at_Nine,
Logan_Lucky,
MFTR-0015-Trampling_the_Skinny_Girl,
Dans_un_magasin_de_meubles,
Doi_Intr-o_Barca,
Fly,
Ich_fiste_voll_in_den_Creampie_rein,
The_History_of_Late_Night_-_Star_Wars,
My_Dirty_Talking_Prof,
The_Curling_Stones,
NFL_Draftees,
Disturbed,
Tracey_Lain's_Latex_Dress_Bondage_Flogging,
The_Mountaintop_Jigglewiggler,
Three_Corpse_Dinner,
Flowers_of_Manchester,
Reis_naar_het_oosten,
La_Marató_2004,
Gabriel_Schultz,
Mordkommission_Calw_-_Klassentreffen,
Adam_Sandler/Bettye_LaVette,
Planeta_Animal,
Nineteen_Video_Magazine_7,
Black_Beauty,
A_Theater_Named_Desire,
Odcinek_3715,
Intuition,
Locusts_The_8th_Plague,
Geburtstag,
The_Journey_Begins,
Jamais_sans_amour:_L'obsession,
Knocked_Up_and_Nasty,
Ask_the_Sexpert,
A_Squaw's_Bravery,
North_Carolina_Transportation_Museum_Part_1,
Warrior_Women_the_Series,
Desperate_for_Love,
The_Robinsons,
The_Grey_Matter,
Keegan_DeWitt,
Back_to_the_Cabin,
Battleground,
The_Black_Hat_Society_Part_1,
Last_Minute_Trip,
The_Undiscovered_Art_of_Jack_Kirby:_Architect,
Krimi-Dinner,
Comment_on_fait_un_medley?,
Room_Mate's_Holiday,
Pour_la_couronne,
Danny_Takes_A_Ride_On_That_Dick,
40_Days_and_40_Nights,
2009_Korea_Movie_Easter,
Lika,
Tzipiyot,
Kittenless_Future,
Party_Day,
Hexen-Hype_und_Hipster-Ziel:_Der_Harz_im_Wandel,
Chocolate_Chip_Nookie,
Fire_on_the_Mountain,
Buttsisters_Daughters,
Trance_of_Death,
Gundam_Build_Chill_Stream,
Amen,
Marido_Com_Experiência,
FSd,
Barnes'_People,
Space_Warrior,
Der_Acht-Stunden_Mann,
Ratchet_&_Clank_(2002)_-_Part_5,
Wake_Up_Dead_Man,
10_Things_You_Didn't_Know_About_Ernest_Scared_Stupid,
The_Hotel_in_the_Square,
One_of_the_All-Time_Great_Slasher_Movies:_The_Burning_(1981),
The_Lost_World,
Kayit,
The_Dream_of_Christ,
Northern_Belles,
Kiko_Mizuhara,
Just_So_You_Know!_I_Had_to_Tie_Up_Your_Slut_Daughter!,
The_Support_System,
Sagashimono_wa_Nan_Desu_ka?,
Old_New_Mexico,
Funhouse_of_Death,
Djembé_et_pirate_d'eau_douce!,
Bulaklak,
Oleg_Basilashvili/Sergei_Semak,
Forward_a_Century,
The_Wilmer_Eye_Institute,
The_Mad_Monster,
Necromonicon,
Full_Body_Toning_&_Shaping,
Vengeance,
The_Microscope,
Friday_Pluck,
Delila,
Red_Velvet_Cake_Recipe_with_Cream_Cheese_Frosting_(Drip_Cake),
Phasmophobia;_The_Haunting_of_White_Valley,
Bier_&_Calippo,
Lauran_mielikuvitus_laukkaa_kummitustalolla,
The_Food_Show!,
The_Pill,
Cedar_Meats_Part_1_-_Bobby_Calves,
Again_with_the_Photos,
The_Bag,
Vengeful_Heart,
After_Lawn_Special,
No_Fear:_Daniel_Radcliffe_as_Arthur_Kipps_in_'the_Woman_in_Black',
White_Noises,
Venice,
The_Hunting_Trip,
It_Was_a_Wonderful_Life,
Strumpet_City/Fanfare_for_the_Duke,
In_the_Blink_of_an_Eye,
LA_Media:_Silicon_Beach_Festival,
Ne_povezlo_parizhanam,
Demob,
Thanks_for_Coming,
Ready_for_the_Race,
Two_Days_Till_Tomorrow,
Vigil_for_Texas_shooting_victims,
Take_Away_Trouble,
Basics,
Brownies,
Wendy_Kopp,
Takamiya-kun_and_the_Mean_Little_Sister,
Controlling_Light_with_Mohamed_Abdel_Raouf,
In_Papas_Fußstapfen,
Obsessions,
International_Beauties_Contest:_Miss_Universe_vs_Miss_USA:_Game_2,
Like_a_Bat_Outta_Hell,
Semi-Final,
Carolyn,
Hamburgers,
Alex_Jones,
Jeux_de_plage,
Clark_Gable,
Alyonka,
Moppitukkainen_apupoika,
20_años_despues,
Five,
POP_Station_Watch,
Priklyucheniya_soldata_Ivana_Chonkina,
Interview_with_Estelle_Fox,
Thornbloom,
The_Propaganda,
Third_Down_and_Twenty_Years_to_Life,
Iron_Lord_Radegast,
Savi_Savi_Nenapu,
Fufu,
Tear_Down,
Train_Gone,
World_War_II:_The_Epic_Saga,
Vem_hade_trott_att_duvrummet_kunde_bli_så_fint?,
The_Beloved_Vampire,
Lauren_Perkins,
Wunschträume,
Bottero_-_The_Love_of_the_Poet,
The_Monsters_Factory,
The_Reporter_Who_Knew_Too_Much,
The_Peeping,
Escape_from_New_Jersey,
Blind_Faith,
Aflevering_664,
Aléjate,
Cybersecurity,
Der_Journalist,
Truth_Be_Told,
Broadway_&_Salt,
Paula_Kohan,
Memorize,
P(ee)_is_for_Prema,
Alsasua_1936,
Mary_Wigman,
Faye_-_Crossed,
Portraits_in_Art:_Bernard_Hosey_-_Sculptor,
Do_I_Script_Things,
Stigme,
You've_Got_to_Fight_for_Your_Right_to_Party_on_a_Dime,
Shop_Till_You_Drop,
Flavor_of_the_Week,
Alqahera_Alyom,
Lone_Pine,
Semana_6:_Anfitriona:_Bárbara_Vélez,
Past_the_Bleachers,
Past_the_Bleachers1,
Past_the_Bleachers2,
Past_the_Bleachers3,
Past_the_Bleachers4,
Past_the_Bleachers5,
Past_the_Bleachers6,
Past_the_Bleachers7,
Past_the_Bleachers8,
Past_the_Bleachers9,
Past_the_Bleachers10,
Past_the_Bleachers11,
Past_the_Bleachers12,