ID,Name
12-MONKEYS,12 Monkeys
1990-THE-BRONX-WARRIORS-FRED-WILLIAMSON,1990 The Bronx Warriors Fred Williamson
1990-THE-BRONX-WARRIORS-VERSION2,1990 The Bronx Warriors Version2
1990-THE-BRONX-WARRIORS,1990 The Bronx Warriors
357-MAGNUM,357 Magnum
4-ROBBERS,4 Robbers
A-CRY-IN-THE-WILDERNESS,A Cry In The Wilderness
A-FIGHT-FOR-HONOR,A Fight For Honor
A-FISTFUL-OF-DOLLARS,A Fistful Of Dollars
A-GATHERING-OF-HEROES,A Gathering Of Heroes
A-GOLDEN-BOOK-STEP-AHEAD-VIDEO-KNOW-THE-ALPHABET,A Golden Book Step Ahead Video Know The Alphabet
A-MAN-CALLED-SARGE,A Man Called Sarge
A-MAN-CALLED-TIGER,A Man Called Tiger
A-SHOCK-TO-THE-SYSTEM,A Shock To The System
A-STRANGER-IN-TIME,A Stranger In Time
A-THIEF-IN-THE-NIGHT,A Thief In The Night
A-TOWN-CALLED-HELL,A Town Called Hell
A-WALT-DISNEY-CHRISTMAS,A Walt Disney Christmas
A-WALTZ-THROUGH-THE-HILLS-WONDERWORKS-FAMILY-MOVIE-TINA-KEMP-ANDRE-JANSEN,A Waltz Through The Hills Wonderworks Family Movie Tina Kemp Andre Jansen
AAAHHH-REAL-MONSTERS-MEET-THE-MONSTERS,Aaahhh Real Monsters Meet The Monsters
AAAHHH-REAL-MONSTERS-MONSTERS-NIGHT-OUT,Aaahhh Real Monsters Monsters Night Out
ABOUT-FACE-TALKING-TEEN-TO-TEEN-ABOUT-ACNE,About Face Talking Teen To Teen About Acne
ABRAXAS-JESSE-VENTURA,Abraxas Jesse Ventura
ABRAXAS,Abraxas
ACTION-FORCE,Action Force
ADVENTURES-FROM-THE-BOOK-OF-VIRTUES-KING-ALFRED-AND-THE-CAKES,Adventures From The Book Of Virtues King Alfred And The Cakes
ADVENTURES-OF-RONALD-MCDONALD-MCTREASURE-ISLAND,Adventures Of Ronald Mcdonald Mctreasure Island
ADVENTURES-OF-SONIC-THE-HEDGEHOG-GROUNDER-THE-GENIUS,Adventures Of Sonic The Hedgehog Grounder The Genius
ADVENTURES-OF-SONIC-THE-HEDGEHOG-ROBOTNIK-EXPRESS,Adventures Of Sonic The Hedgehog Robotnik Express
AIRPORT-77,Airport 77
ALADDIN-AND-HIS-MAGIC-LAMP,Aladdin And His Magic Lamp
ALADDINS-ARABIAN-ADVENTURES-MAGIC-MAKERS,Aladdins Arabian Adventures Magic Makers
ALIBABAS-REVENGE,Alibabas Revenge
ALICE-IN-WONDERLAND,Alice In Wonderland
ALIEN-PRIVATE-EYE,Alien Private Eye
ALIENS-NEXT-DOOR-CARTOON,Aliens Next Door Cartoon
ALL-STAR-CARTOONS-VIDEO-FEATURING-SUPERMAN,All Star Cartoons Video Featuring Superman
ALLAN-QUATERMAIN,Allan Quatermain
ALLEGRAS-WINDOW-ALLEGRAS-CHRISTMAS,Allegras Window Allegras Christmas
ALLIGATOR-ALLEY-PRISM-ENTERTAINMENT,Alligator Alley Prism Entertainment
ALTERTA-MAXIMA-2,Alterta Maxima 2
ALVIN-AND-THE-CHIPMUNKS-A-CHIPMUNK-CHRISTMAS,Alvin And The Chipmunks A Chipmunk Christmas
ALVIN-AND-THE-CHIPMUNKS-A-CHIPMUNKS-GO-TO-THE-MOVIES-ROBOMUNK,Alvin And The Chipmunks A Chipmunks Go To The Movies Robomunk
ALYSSA-MILANOS-TEEN-STEAM,Alyssa Milanos Teen Steam
AMAZING-WIPEOUTS,Amazing Wipeouts
AMAZONAS-MISSION,Amazonas Mission
AMERICAN-CYBORG-STEEL-WARRIOR,American Cyborg Steel Warrior
AMERICAN-JUSTICE,American Justice
AMERICAN-NINJA-2-THE-CONFRONTATION,American Ninja 2 The Confrontation
AMERICAN-NINJA-3-BLOOD-HUNT,American Ninja 3 Blood Hunt
AMERICAN-WARRIOR-2,American Warrior 2
AMSTERDAMNED-VERSION-2,Amsterdamned Version 2
AN-AMERICAN0TAIL-FIEVEL-GOES-WEST,An American0Tail Fievel Goes West
AN-INNOCENT-MAN-TOM-SELLECK-TOUCHSTONE-HOME-VIDEO,An Innocent Man Tom Selleck Touchstone Home Video
AND-THEN-YOU-DIE,And Then You Die
AND-YOU-THOUGHT-YOUR-PARENTS-WERE-WEIRD,And You Thought Your Parents Were Weird
ANDRE,Andre
ANGELA-LANSBURYS-POSITIVE-MOVES-WORKOUT-VIDEO,Angela Lansburys Positive Moves Workout Video
ANIMANIACS-HELLOOOO-HOLIDAYS,Animaniacs Helloooo Holidays
ANIMANIACS-YOU-WILL-BUY-THIS-VIDEO,Animaniacs You Will Buy This Video
ANIMORPHS-THE-INVASION-BEGINS,Animorphs The Invasion Begins
ANOTHER-SON-OF-SAM-ACTION-EXPLOITATION,Another Son Of Sam Action Exploitation
AR-15-WORKOUT,Ar 15 Workout
ARENA-SCIFI,Arena Scifi
ARENA,Arena
ARMAGEDDON,Armageddon
ARMED-RESPONSE,Armed Response
ARNOLD-SCHWARZENEGGER-IN-PUMPING-IRON-RHINO-HOME-VIDEO,Arnold Schwarzenegger In Pumping Iron Rhino Home Video
ARNOLD-SCHWARZENEGGER-IN-PUMPING-IRON,Arnold Schwarzenegger In Pumping Iron
AROUND-THE-WORLD-IN-80-DAYS-CARTOON-CLASSIC-TALES-COLLECTION-FAMILY-HOME-ENTERTAINMENT-FHE,Around The World In 80 Days Cartoon Classic Tales Collection Family Home Entertainment Fhe
ARTHURS-CHICKEN-POX,Arthurs Chicken Pox
ASPEN-EXTREME,Aspen Extreme
ASSASSINATION,Assassination
ATOMIC-CYBORG,Atomic Cyborg
AVENGING-FORCE-CANNON-MEDIA,Avenging Force Cannon Media
BABAR-BABAR-RETURNS,Babar Babar Returns
BABES-IN-TOYLAND,Babes In Toyland
BALLBUSTER,Ballbuster
BANZAI-RUNNER,Banzai Runner
BARBIE-SENSATIONS-ROCKIN-BACK-TO-EARTH,Barbie Sensations Rockin Back To Earth
BARNEYS-BIRTHDAY-SING-ALONG,Barneys Birthday Sing Along
BARNYARD-COMMANDOS-BACK-TO-THE-FARM-HI-TOPPS-VIDEO,Barnyard Commandos Back To The Farm Hi Topps Video
BARRIO-SIN-LEY,Barrio Sin Ley
BASKETBALL-FEVER-THE-ANIMATED-MOVIE,Basketball Fever The Animated Movie
BATMAN-SUPER-POWERS-COLLECTION,Batman Super Powers Collection
BATMAN-THE-MOVIE,Batman The Movie
BATTERED,Battered
BATTLE-FOR-THE-PLANET-OF-THE-APES,Battle For The Planet Of The Apes
BATTLE-OF-THE-BULLIES,Battle Of The Bullies
BATTLE-OF-THE-VALIANT,Battle Of The Valiant
BEAST-WARS-BEASTIES-ESCAPE,Beast Wars Beasties Escape
BEASTMASTER-2-VERSION2,Beastmaster 2 Version2
BEASTMASTER-2,Beastmaster 2
BEAUTY-AND-THE-BEAST-FHE,Beauty And The Beast Fhe
BEAUTY-AND-THE-BEAST-UAV-HOME-VIDEO,Beauty And The Beast Uav Home Video
BEDKNOBS-AND-BROOMSTICKS,Bedknobs And Broomsticks
BEETLEJUICE-CARTOON-PRINCE-OF-THE-NEITHERWORLD,Beetlejuice Cartoon Prince Of The Neitherworld
BEETLEJUICE-CARTOON-VOLUME-3,Beetlejuice Cartoon Volume 3
BEGINNER-TO-BLACK-BELT-THE-MASTER-TEXT,Beginner To Black Belt The Master Text
BEHIND-ENEMY-LINES,Behind Enemy Lines
BENJI,Benji
BETTY-BLUE,Betty Blue
Beverly-Hills-Teens-Cartoon-VHS-The-Dog-Ate-My-Homework,Beverly Hills Teens Cartoon Vhs The Dog Ate My Homework
BEVERLY-HILLS-TEENS-THE-MAKE-OVER,Beverly Hills Teens The Make Over
BIBLEMAN-CONQUERING-THE-WRATH-OF-RAGE,Bibleman Conquering The Wrath Of Rage
BIKER-MICE-FROM-MARS-THE-ADVENTURE-BEGINS,Biker Mice From Mars The Adventure Begins
BLACK-BELT,Black Belt
BLACK-CAESAR-FRED-WILLIAMSON,Black Caesar Fred Williamson
BLACK-CAESAR,Black Caesar
BLACK-KILLER,Black Killer
BLACK-NINJA,Black Ninja
BLACK-SPOT,Black Spot
BLASTFIGHTER,Blastfighter
BLOOD-AND-GUNS,Blood And Guns
BLOOD-DEBTS,Blood Debts
BLOOD-TIES,Blood Ties
BLOODFIGHT,Bloodfight
BLOODSPORT,Bloodsport
BLOODY-FRIDAY,Bloody Friday
BLUFFERS-FOLLOW-THE-BIO-BRICK-ROAD,Bluffers Follow The Bio Brick Road
BMX-THE-MOVIE,Bmx The Movie
BONE-CHILLERS-BACK-TO-SCHOOL,Bone Chillers Back To School
BONKERS-FROM-TOON-STAR-AT-THE-TOP-TO-ZANY-ROOKIE-COP,Bonkers From Toon Star At The Top To Zany Rookie Cop
BOOBY-TRAP,Booby Trap
BORN-INVINCIBLE,Born Invincible
BORN-TO-KILL,Born To Kill
BOZO-THE-CLOWN-ANIMATED-CARTOONS-JUST-KEEP-LAUGHING,Bozo The Clown Animated Cartoons Just Keep Laughing
BRADDOCL-MISSING-IN-ACTION-2,Braddocl Missing In Action 2
BREAK-AWAY,Break Away
BRENDA-STARR,Brenda Starr
BROTHER-FUTURE,Brother Future
BRUCE-LI-IN-NEW-GUINEA,Bruce Li In New Guinea
BRUCES-DEADLY-FINGERS,Bruces Deadly Fingers
BUCKY-OHARE-THE-TOAD-MENACE,Bucky Ohare The Toad Menace
BUGS-BUNNY-EASTER-FUNNIES,Bugs Bunny Easter Funnies
BULLITT,Bullitt
BUMPETY-BOO-THE-MAD-MOBILE,Bumpety Boo The Mad Mobile
BUTT-UGLY-MARTIANS-BOYZ-TO-MARTIANS,Butt Ugly Martians Boyz To Martians
BUTTONS-AND-RUSTY-IN-THE-HONEY-BUNCH,Buttons And Rusty In The Honey Bunch
CABAGE-PATCH-KIDS-THE-NEW-KID,Cabage Patch Kids The New Kid
CAGED-FURY,Caged Fury
CANDY-CLAUS,Candy Claus
CANNIBAL-ATTACK-JOHNNY-WEISSMULLER,Cannibal Attack Johnny Weissmuller
CAPTAIN-N-AND-THE-GAME-MASTERS-GAMEBOY,Captain N And The Game Masters Gameboy
CAPTAIN-PLANET-AND-THE-PLANETEERS-DEADLY-GLOW,Captain Planet And The Planeteers Deadly Glow
CAPTAIN-PLANET-AND-THE-PLANETEERS-GREENHOUSE-PLANET,Captain Planet And The Planeteers Greenhouse Planet
CAPTAIN-PLANET-AND-THE-PLANETEERS-HATE-CANAL,Captain Planet And The Planeteers Hate Canal
CAPTAIN-PLANET-AND-THE-PLANETEERS-OK-AT-THE-GUNFIGHT-CORRAL,Captain Planet And The Planeteers Ok At The Gunfight Corral
CAPTAIN-PLANET-AND-THE-PLANETEERS-THE-BIG-CLAM-UP,Captain Planet And The Planeteers The Big Clam Up
CAPTAIN-POWER-AND-THE-SOLDIERS-OF-THE-FUTURE-FUTURE-FORCE-TRAINING-SKILL-LEVEL-1,Captain Power And The Soldiers Of The Future Future Force Training Skill Level 1
CAPTAIN-POWER-AND-THE-SOLDIERS-OF-THE-FUTURE-SHATTERED-PAST,Captain Power And The Soldiers Of The Future Shattered Past
CAR-CRASH,Car Crash
CARE-BEARS-GRUMPYS-THREE-WISHES,Care Bears Grumpys Three Wishes
CARE-BEARS-LOTSA-HEARTS-WISH,Care Bears Lotsa Hearts Wish
CAREBEARS-THE-CARE-A-LOT-GAMES,Carebears The Care A Lot Games
CARIBE,Caribe
CARROTBLANCA,Carrotblanca
CARTOON-CHRISTMAS-WITH-RUDOLPH-AND-FRIENDS,Cartoon Christmas With Rudolph And Friends
CARTOON-EXPLOSION-THE-HENPECKED-DUCK,Cartoon Explosion The Henpecked Duck
CARTOONS-R-FUN-COLLECTION-BUGS-BUNNY,Cartoons R Fun Collection Bugs Bunny
CARTOONS-R-FUN-COLLECTION-PORKYS-GARDEN,Cartoons R Fun Collection Porkys Garden
CARTOONS-R-FUN-COLLECTION-SUPERMAN-THE-MAGNETIC-TELESCOPE,Cartoons R Fun Collection Superman The Magnetic Telescope
CASUALTIES-OF-WAR,Casualties Of War
CATASTROPHE,Catastrophe
CENERENTOLA,Cenerentola
CERTAIN-FURY,Certain Fury
CHAINS,Chains
CHARLES-BRONSON-TRIPLE-FEATURE,Charles Bronson Triple Feature
CHILDREN-IN-THE-CROSSFIRE,Children In The Crossfire
CHINESE-CONNECTION,Chinese Connection
CHINESE-MECHANIC,Chinese Mechanic
CHIP-N-DALE-RESCUE-RANGERS-CRIME-BUSTERS,Chip N Dale Rescue Rangers Crime Busters
CHIP-N-DALE-RESCUE-RANGERS-DOUBLE-TROUBLE,Chip N Dale Rescue Rangers Double Trouble
CHIP-N-DALE-RESCUE-RANGERS-UNDERCOVER-CRITTERS,Chip N Dale Rescue Rangers Undercover Critters
CHOKE-CANYON,Choke Canyon
CHRISTMAS-CLASSIC-GIFT-WRAPPED,Christmas Classic Gift Wrapped
CHRISTMAS-CLASSICS-RUDOLPH-THE-RED-NOSED-REINDEER,Christmas Classics Rudolph The Red Nosed Reindeer
CIRCLE-OF-FEAR,Circle Of Fear
CITIZENS-BAND,Citizens Band
CITY-IN-PANIC,City In Panic
CITY-LIMITS,City Limits
CLASH-OF-THE-WARLORDS,Clash Of The Warlords
CLEOPATRA-JONES,Cleopatra Jones
COBRA-GHOST-OF-THE-NINJA,Cobra Ghost Of The Ninja
COBRA-NINJA-BLACKLIST,Cobra Ninja Blacklist
COBRA-STALLONE,Cobra Stallone
COBRA-THUNDERBOLT,Cobra Thunderbolt
COLD-SWEAT-CHARLES-BRONSON,Cold Sweat Charles Bronson
COMBAT-SHOCK-VIDEO-ENTERTAINMENT,Combat Shock Video Entertainment
COMBAT-SHOCK,Combat Shock
COMMANDER-KELLIE-AND-THE-SUPERKIDS-THE-INTRUDER,Commander Kellie And The Superkids The Intruder
COMMANDO-SQUAD,Commando Squad
COMPANY-BUSINESS-GENE-HACKMAN,Company Business Gene Hackman
CONCRETE-ANGELS,Concrete Angels
CONTACT-BLOW,Contact Blow
CONTAGION,Contagion
CONVICT-762-YORK-HOME-VIDEO,Convict 762 York Home Video
COP,Cop
COPS-CRIME-DOESNT-PAY,Cops Crime Doesnt Pay
CORRIDA-DA-MORTE-ANO-2000-AKA-DEATH-RACE-2000,Corrida Da Morte Ano 2000 Aka Death Race 2000
COWBOYS-OF-MOO-MESA-A-SNAKE-IN-COWS-CLOTHING,Cowboys Of Moo Mesa A Snake In Cows Clothing
CRASH-AND-CRUNCH,Crash And Crunch
CRASHOUT,Crashout
CREATING-AN-IMAGINARY-WORLD-OF-MUG-DWELLERS-AND-WEE-FOLK,Creating An Imaginary World Of Mug Dwellers And Wee Folk
CROSSBONE-TERRITORY,Crossbone Territory
CRUISIN-HIGH,Cruisin High
CRY-OF-THE-BLACK-WOLVES,Cry Of The Black Wolves
CULTOONS-VOLUME-1,Cultoons Volume 1
CULTOONS-VOLUME-2,Cultoons Volume 2
CUT-AND-RUN,Cut And Run
CYBER-NINJA,Cyber Ninja
CYBORG,Cyborg
D-IS-FOR-DINOSAUR,D Is For Dinosaur
DAFT-A-STORY-ABOUT-DOGS-ANDROIDS-FIREMEN-AND-TOMATOES,Daft A Story About Dogs Androids Firemen And Tomatoes
DAMNATION-ALLEY,Damnation Alley
DAMNED-RIVER,Damned River
DANCE-WORKOUT-WITH-BARBIE,Dance Workout With Barbie
DANGEROUS-ORPHANS,Dangerous Orphans
DARK-AGE,Dark Age
DARK-DAY-EXPRESS,Dark Day Express
DARKMAN-2-THE-RETURN-OF-DURANT-BEHIND-THE-SCENES,Darkman 2 The Return Of Durant Behind The Scenes
DAVID-CARRADINES-TAI-CHI,David Carradines Tai Chi
DAVY-CROCKETT-AND-THE-RIVER-PIRATES-WALT-DISNEY-HOME-VIDEO,Davy Crockett And The River Pirates Walt Disney Home Video
DAY-OF-THE-ANIMAL,Day Of The Animal
DEADLY-BUSINESS,Deadly Business
DEADLY-DUO,Deadly Duo
DEADLY-PREY,Deadly Prey
DEADLY-TARGET,Deadly Target
DEADLY-VOYAGE,Deadly Voyage
DEATH-BEFORE-DISHONOR,Death Before Dishonor
DEATH-BEFORE-THE-SMILE,Death Before The Smile
DEATH-CAGE,Death Cage
DEATH-MASK-OF-THE-NINJA,Death Mask Of The Ninja
DEATH-WARRANT-VAN-DAMME,Death Warrant Van Damme
DEATH-WISH-2,Death Wish 2
DEATH-WISH-3-CHARLES-BRONSON,Death Wish 3 Charles Bronson
DEATH-WISH-3,Death Wish 3
DEATH-WISH-4-THE-CRACKDOWN,Death Wish 4 The Crackdown
DEATH-WISH,Death Wish
DEATHDREAM-MAC-VIDEO,Deathdream Mac Video
DEATHLINE,Deathline
DEATHSTALKER-3,Deathstalker 3
DEFCON-4,Defcon 4
DEFENSE-PLAY,Defense Play
DENVER-THE-LAST-DINOSAUR-DENVER-AND-THE-TIME-MACHINE,Denver The Last Dinosaur Denver And The Time Machine
DENVER-THE-LAST-DINOSAUR-DENVER-CHIPS-N-ROBBERS,Denver The Last Dinosaur Denver Chips N Robbers
DENVER-THE-LAST-DINOSAUR-RIDE-EM-DENVER,Denver The Last Dinosaur Ride Em Denver
DESTROYER,Destroyer
DETROIT-9000,Detroit 9000
DIAMONDS,Diamonds
DIE-REBELLEN,Die Rebellen
DINK-THE-LITTLE-DINOSAUR-SKY-IS-FALLING-AT-GREEN-MEADOW,Dink The Little Dinosaur Sky Is Falling At Green Meadow
DINO-RIDERS-THE-DINO-RIDERS-ADVENTURE-VOLUME-1,Dino Riders The Dino Riders Adventure Volume 1
DINO-RIDERS-THE-DINO-RIDERS-ADVENTURE,Dino Riders The Dino Riders Adventure
DINOSAURS-A-FUN-FILLED-TRIP-BACK-IN-TIME,Dinosaurs A Fun Filled Trip Back In Time
DINOSAURS-ENDANGERED-SPECIES,Dinosaurs Endangered Species
DINOSAURS-MIGHTY-MEGALOSAURUS,Dinosaurs Mighty Megalosaurus
DINOSAURS-SINCLAIR-FAMILY-CHRISTMAS,Dinosaurs Sinclair Family Christmas
DISNEYS-GREATEST-LULLABIES-VOLUME-ONE-WALT-DISNEY-HOME-VIDEO,Disneys Greatest Lullabies Volume One Walt Disney Home Video
DISNEYS-TALESPIN-WISE-UP,Disneys Talespin Wise Up
DISTANT-THUNDER-JOHN-LITHGOW-RALPH-MACCHIO,Distant Thunder John Lithgow Ralph Macchio
DIXIE-DYNAMITE,Dixie Dynamite
DOC-SAVAGE-THE-MAN-OF-BRONZE,Doc Savage The Man Of Bronze
DOGFIGHT-VIDEO-ORDNANCE,Dogfight Video Ordnance
DONT-TRUST-THE-MAFFIA,Dont Trust The Maffia
DOOOGS-GARAGE-THEATER-VULUME-1,Dooogs Garage Theater Vulume 1
DOT-AND-THE-SMUGGLERS,Dot And The Smugglers
DOUBLE+TARGET,Double+Target
DOUG-CHRISTMAS-STORY,Doug Christmas Story
DOUG-SLAM-DUNK-DOUG,Doug Slam Dunk Doug
DR-SEUSS-GRINCH-NIGHT,Dr Seuss Grinch Night
DR-SEUSS-THE-CAT-IN-THE-HAT-GETS-GRINCHED,Dr Seuss The Cat In The Hat Gets Grinched
DR-SEUSS-THE-LORAX,Dr Seuss The Lorax
DR-SEUSSS-ABC,Dr Seusss Abc
DR-SEUSSS-THE-5000-FINGERS-OF-DOCTOR-T,Dr Seusss The 5000 Fingers Of Doctor T
DRAGONSLAYER,Dragonslayer
DRIVING-FORCE,Driving Force
DUCK-TALES-DUCK-TO-THE-FUTURE,Duck Tales Duck To The Future
DUCK-TALES-HIGH-FLYING-HERO,Duck Tales High Flying Hero
DUCK-TALES-LITTLE-DUCKAROOS,Duck Tales Little Duckaroos
DUCK-TALES-LOST-WORLD-WANDERERS,Duck Tales Lost World Wanderers
DUMBO-WALT-DISNEY-THE-CLASSICS-VERSION-2,Dumbo Walt Disney The Classics Version 2
DUMBO-WALT-DISNEY-THE-CLASSICS,Dumbo Walt Disney The Classics
DUNCAN-THE-MAGIC-DRAGON-MIGHTY-MACHINES,Duncan The Magic Dragon Mighty Machines
EARTHWORM-JIM-BRING-ME-THE-HEAD-OF-JIM,Earthworm Jim Bring Me The Head Of Jim
EAST-LA-WARRIORS,East La Warriors
EASTER-CLASSICS-VOLUME-3-SHOW-ME-A-STORY,Easter Classics Volume 3 Show Me A Story
EL-COLOSO-EN-LLAMAS,El Coloso En Llamas
EL-JUES-DE-LA-SOGA,El Jues De La Soga
EL-REGRESO-DEL-NINJA,El Regreso Del Ninja
EL-RETORNO-DE-JAFAR,El Retorno De Jafar
ELIMINATOR,Eliminator
ELIMINATORS,Eliminators
EM-BUSCA-DA-ESCRITURA-SAGRADA,Em Busca Da Escritura Sagrada
EMMET-OTTERS-JUG-BAND-CHRISTMAS,Emmet Otters Jug Band Christmas
EPCOT-CENTER-A-SOUVENIR-PROGRAM-WALT-DISNEY-WORLD,Epcot Center A Souvenir Program Walt Disney World
EPIC-DAYS-OF-THE-DINOSAURS,Epic Days Of The Dinosaurs
ERNIES-LITTLE-LIE-AND-OTHER-STORIES,Ernies Little Lie And Other Stories
ESCAPE-2000,Escape 2000
EVE-OF-DESTRUCTION,Eve Of Destruction
EVEN-MORE-BABY-SONGS,Even More Baby Songs
EXCALIBUR,Excalibur
EXCESSIVE-FORCE-2,Excessive Force 2
EXCESSIVE-FORCE,Excessive Force
EXTERMINATOR-2,Exterminator 2
EXTERMINATORS-OF-THE-YEAR-3000,Exterminators Of The Year 3000
EXTREME-PREJUDICE-NICK-NOLTE,Extreme Prejudice Nick Nolte
EYE-OF-THE-EAGLE,Eye Of The Eagle
FAERIE-TALE-THEATRE-THE-TALE-OF-THE-FROG-PRINCE,Faerie Tale Theatre The Tale Of The Frog Prince
FAIRY-TALES-AND-FABLES-PRESENTS-THE-UGLY-DUCKLING,Fairy Tales And Fables Presents The Ugly Duckling
FANTASY-MISSION-FORCE-JACKIE-CHAN,Fantasy Mission Force Jackie Chan
FATAL-DIAMONDS,Fatal Diamonds
FEAR-IN-THE-CITY,Fear In The City
FELIX-THE-CAT-THE-MOVIE,Felix The Cat The Movie
FEMALE-MERCENARIES-2,Female Mercenaries 2
FER-DE-LANCE-DAVID-JANSSEN,Fer De Lance David Janssen
FILMATION-GHOSTBUSTERS-A-GHOUL-IN-EVERY-PORT,Filmation Ghostbusters A Ghoul In Every Port
FINAL-JUSTICE-VESTRON-VIDEO-INTERNATIONAL-MST3K,Final Justice Vestron Video International Mst3K
FINAL-MISSION-JAPAN,Final Mission Japan
FINAL-SCORE,Final Score
FIRE-AND-RAIN,Fire And Rain
FIRE-FIGHT,Fire Fight
FIREBIRD-2015-AD,Firebird 2015 Ad
FIREHOUSE-FOLLIES-STARRING-GABBY,Firehouse Follies Starring Gabby
FIREWALKER,Firewalker
FIRST-COMMANDER,First Commander
FIST-OF-THE-GOLDEN-MONKEY,Fist Of The Golden Monkey
FISTS-OF-STEEL,Fists Of Steel
FIVE-FOR-HELL,Five For Hell
FLASH-FUTURE-KUNG-FU,Flash Future Kung Fu
FONG-SAI-YUK-2,Fong Sai Yuk 2
FOR-THE-LOVE-OF-BENGI,For The Love Of Bengi
FORCED-VENGEANCE,Forced Vengeance
FOX-TRAP,Fox Trap
FOXY-BROWN,Foxy Brown
FRAGGLE-ROCK-WHERE-IT-ALL-BEGAN,Fraggle Rock Where It All Began
FRANCE-FIVE,France Five
FREEFALL,Freefall
FREEJACK,Freejack
FROM-HELL-TO-VICTORY,From Hell To Victory
FUNERAL-FOR-AN-ASSASSIN,Funeral For An Assassin
FUNLAND,Funland
FUNNY-STORIES-VOLUME-THREE,Funny Stories Volume Three
FURRY-ANIMALS-EDUCATIONAL-FAVORITES,Furry Animals Educational Favorites
FURY-OF-THE-CONGO,Fury Of The Congo
FUSE-THE-VIDEO-GAME-MAGAZINE-OF-THE-FUTURE-SONIC-ADVENTURE-LIVE-FROM-TOKYO,Fuse The Video Game Magazine Of The Future Sonic Adventure Live From Tokyo
FUTURE-HUNTERS,Future Hunters
FUTUREKICK,Futurekick
G-WHILLIKER,G Whilliker
GALAXY-HIGH-WELCOME-TO-GALAXY-HIGH,Galaxy High Welcome To Galaxy High
GALLAVANTS,Gallavants
GARY-LARSONS-TALES-FROM-THE-FAR-SIDE-1-AND-2,Gary Larsons Tales From The Far Side 1 And 2
GENTLE-SAVAGE,Gentle Savage
GEORGE-HAMILTON-STARS-IN-EVEL-KNIEVEL,George Hamilton Stars In Evel Knievel
GHOST-CHASE,Ghost Chase
GHOST-WARRIOR,Ghost Warrior
GI-JOE-CAPTIVES-OF-COBRA,Gi Joe Captives Of Cobra
GI-JOE-DEADLY-LIES,Gi Joe Deadly Lies
GI-JOE-EL-DORADO,Gi Joe El Dorado
GI-JOE-WORLDS-WITHOUT-END,Gi Joe Worlds Without End
GIRLS-IN-PRISON,Girls In Prison
GODZILLA-CARTOON-THE-FIRE-BIRD-HANNA-BARBERA-PRESENTS,Godzilla Cartoon The Fire Bird Hanna Barbera Presents
GODZILLA-VS-GIGAN,Godzilla Vs Gigan
GODZILLA-VS-MEGALON,Godzilla Vs Megalon
GOODBYE-FRIEND,Goodbye Friend
GOOF-TROOP-BANDING-TOGETHER,Goof Troop Banding Together
GOOF-TROOP-GOIN-FISHIN,Goof Troop Goin Fishin
GUMBY-FOR-PRESIDENT,Gumby For President
GUMBY-MAGIC,Gumby Magic
GUNMEN,Gunmen
GWENDOLINE,Gwendoline
HAMBURGER-HILL,Hamburger Hill
HANDS-OF-DEATH,Hands Of Death
HANNA-BARBERA-CARTOON-CLASSICS,Hanna Barbera Cartoon Classics
HANNA-BARBERA-FRIENDS-SING-A-LONG,Hanna Barbera Friends Sing A Long
HANNA-BARBERA-SUPERSTARS-BEDROCK-WEDLOCK,Hanna Barbera Superstars Bedrock Wedlock
HANNA-BARBERAS-CHRISTMAS-SING-A-LONG,Hanna Barberas Christmas Sing A Long
HANSEL-AND-GRETEL,Hansel And Gretel
HARRY-POTTER-WITCHCRAFT-REPACKAGED-MAKING-EVIL-LOOK-INNOCENT,Harry Potter Witchcraft Repackaged Making Evil Look Innocent
HE-LIVES-THE-SEARCH-FOR-THE-EVIL-ONE,He Lives The Search For The Evil One
HELL-HUNTERS,Hell Hunters
HELL-RAIDERS,Hell Raiders
HELLS-BRIGADE,Hells Brigade
HERCULE-LOU-FERRIGNO,Hercule Lou Ferrigno
HERCULES-AGAINST-THE-MOON-MEN,Hercules Against The Moon Men
HERES-GOOFY-WALT-DISNEY-CARTOON-CLASSICS,Heres Goofy Walt Disney Cartoon Classics
HERMAN-AND-CATNIP-NAUGHTY-BUT-MICE,Herman And Catnip Naughty But Mice
HEY-ARNOLD-THE-HELGA-STORIES,Hey Arnold The Helga Stories
HEY-CINDERELLA-MUPPET-HOME-VIDEO,Hey Cinderella Muppet Home Video
HEY-VERN-ITS-ERNEST-PETS,Hey Vern Its Ernest Pets
HIGH+SCHOOL+USA,High+School+Usa
HIGHLIGHTS-OFWRESTLE-MANIA-WWF,Highlights Ofwrestle Mania Wwf
HIT-LIST,Hit List
HOLIDAY-CARTOON-FESTIVAL,Holiday Cartoon Festival
HOLLY-HUNTER-READS-THE-THREE-BILLY-GOATS-GRUFF,Holly Hunter Reads The Three Billy Goats Gruff
HOSTILE-TAKEOVER-IVE-ENTERTAINMENT,Hostile Takeover Ive Entertainment
HOT-POTATO,Hot Potato
HOUR-OF-THE-ASSASSIN,Hour Of The Assassin
HOW-THE-RHINOCEROS-GOT-HIS-SKIN-AND-HOW-THE-CAMEL-GOT-HIS-HUMP,How The Rhinoceros Got His Skin And How The Camel Got His Hump
HOW-TO-RAISE-A-STREET-SMART-CHILD,How To Raise A Street Smart Child
HULK-HOGAN-IS-MR-NANNY,Hulk Hogan Is Mr Nanny
HULK-HOGANS-ALL-TIME-CHAMP,Hulk Hogans All Time Champ
HULK-HOGANS-ROCK-N-WRESTLIN-GHOST-WRESTLERS,Hulk Hogans Rock N Wrestlin Ghost Wrestlers
HULK-HOGANS-ROCK-N-WRESTLIN-THE-FOUR-LEGGED-PICKPOCKET,Hulk Hogans Rock N Wrestlin The Four Legged Pickpocket
HULK-HOGANS-ROCK-N-WRESTLIN-THE-WRONG-STUFF-AND-THREE-LITTLE-HULKS,Hulk Hogans Rock N Wrestlin The Wrong Stuff And Three Little Hulks
HUNTED,Hunted
HUNTERS-BLOOD,Hunters Blood
HURRICANES-DEEP-COVER,Hurricanes Deep Cover
I-SAW-SUBMARINES-ATTACK-AMERICA,I Saw Submarines Attack America
I-WISH-I-WERE-A-COWBOY,I Wish I Were A Cowboy
IL-MAGO-DI-OZ,Il Mago Di Oz
IMAGINE-THAT-GREAT-MOMENTS-AND-PEOPLE-IN-HISTORY-VOLUME-1,Imagine That Great Moments And People In History Volume 1
IN-N-OUT-BORDERLINE-INSANITY,In N Out Borderline Insanity
INHUMANOIDS-THE-EVIL-THAT-LIES-WITHIN,Inhumanoids The Evil That Lies Within
INSPECTOR-GADGET-MAGIC-GADGET,Inspector Gadget Magic Gadget
INSPECTOR-GADGET-THE-CAPEMAN-COMETH,Inspector Gadget The Capeman Cometh
INSTANT-RAGE-NINJA-COLLECTION,Instant Rage Ninja Collection
IRON+WARRIOR,Iron+Warrior
IRON-ANGELS-2,Iron Angels 2
ITS-GRINCH-NIGHT,Its Grinch Night
Its-Punky-Brewster-Cartoon-Winning-Isnt-Everything,Its Punky Brewster Cartoon Winning Isnt Everything
ITS-THE-GIRL-IN-THE-RED-TRUCK-CHARLIE-BROWN,Its The Girl In The Red Truck Charlie Brown
IVANHOE,Ivanhoe
JACK-KELLY-SNAKEEATER,Jack Kelly Snakeeater
JACK-O-LANTERN-YANKEE-DOODLE,Jack O Lantern Yankee Doodle
JACKNIFE,Jacknife
JAGUAR-LIVES,Jaguar Lives
JETLAG,Jetlag
JIM-HENSONS-JACK-AND-THE-BEANSTALK-THE-REAL-STORY,Jim Hensons Jack And The Beanstalk The Real Story
JIM-KELLY-AS-THE-BLACK-SAMURAI,Jim Kelly As The Black Samurai
JOANIE-BARTELS-SIMPLY-MAGIC-THE-SUBSTITUTE-TEACHER,Joanie Bartels Simply Magic The Substitute Teacher
JOHNNY-HANDSOME-MICKEY-ROURKE-IVE,Johnny Handsome Mickey Rourke Ive
JOHNNY-MYSTO-BOY-WIZARD,Johnny Mysto Boy Wizard
JUNGLE-FUN-VOLUME-NINE-LITTLE-BLACK-SAMBO-JUNGLE-JITTERS-HENRY-JUNGLE-DRUMS,Jungle Fun Volume Nine Little Black Sambo Jungle Jitters Henry Jungle Drums
JUNGLE-RAIDERS,Jungle Raiders
KANTOU,Kantou
KARATE-BREAKERS,Karate Breakers
KARATE-CHAMP-2,Karate Champ 2
KARATE-STORY,Karate Story
KARATE-WARS,Karate Wars
KATHIE-LEES-ROCK-N-ROLL-CAFE-A-CHRISTMAS-GIFT,Kathie Lees Rock N Roll Cafe A Christmas Gift
KATY-AND-THE-KATERPILLAR-KIDS,Katy And The Katerpillar Kids
KEEPING-TRACK,Keeping Track
KEY-THE-METAL-IDOL,Key The Metal Idol
KICKBOXER,Kickboxer
KICKS,Kicks
KIDSONGS-A-DAY-AT-THE-CIRCUS,Kidsongs A Day At The Circus
KILL-CASTRO,Kill Castro
KILLING-MACHINE-SYBIL-DANNINGS-ADVENTURE-VIDEO,Killing Machine Sybil Dannings Adventure Video
KILLPOINT,Killpoint
KISS-MEETS-THE-PHANTOM-OF-THE-PARK,Kiss Meets The Phantom Of The Park
KISSYFUR-BEAR-ROOTS-SPECIAL,Kissyfur Bear Roots Special
KNIGHTRIDERS,Knightriders
KNIGHTS-OF-THE-CITY,Knights Of The City
KOMMANDO-INVASION,Kommando Invasion
KRAA-THE-SEA-MONSTER-FAMILY,Kraa The Sea Monster Family
KRULL-JAPAN,Krull Japan
LA-LEGGENDA-DEL-RUBINO-MALESE,La Leggenda Del Rubino Malese
LAND-OF-DOOM-JAPAN,Land Of Doom Japan
LAND-OF-THE-MINOTAURS,Land Of The Minotaurs
LASERBLAST,Laserblast
LAST-PLATOON,Last Platoon
LAW-OF-THE-LAND-DON-JOHNSON,Law Of The Land Don Johnson
LE-SICILIEN,Le Sicilien
LEGION-OF-DEATH,Legion Of Death
LEPKE,Lepke
LIFE-WITH-LOUIE-THE-MASKED-CHESS-BOY,Life With Louie The Masked Chess Boy
LIGHTBLAST,Lightblast
LIGHTNING-THE-WHITE-STALLION,Lightning The White Stallion
LITTLE-BEAR-RAINY-DAY-TALES,Little Bear Rainy Day Tales
LITTLE-MARINES-AN-ADVENTURE,Little Marines An Adventure
LORDS-OF-THE-RING-SUPERSTARS-AND-SUPERBOUTS,Lords Of The Ring Superstars And Superbouts
LOW-BLOW,Low Blow
LUPINE-WOLF-LONE-WOLF-WITH-CUB,Lupine Wolf Lone Wolf With Cub
MACGYVER-2,Macgyver 2
MACGYVER,Macgyver
MACHISMO,Machismo
MAD-MAX-2,Mad Max 2
MADBALLS-ESCAPE-FROM-ORB,Madballs Escape From Orb
MAGIC-KID,Magic Kid
MAGIC-OF-THE-NINJA-AND-SEARCH-OF-THE-NINJA,Magic Of The Ninja And Search Of The Ninja
MAN-BITES-DOG,Man Bites Dog
MAN-EATER-BURT-REYNOLDS,Man Eater Burt Reynolds
MAN-HUNT,Man Hunt
MAN-ON-FIRE,Man On Fire
MANDEN-DE-KALDTE-GHOST,Manden De Kaldte Ghost
MANIAC-WARRIORS,Maniac Warriors
MAPLE-TOWN-THE-CASE-OF-THE-MISSING-CANDY-FHE-FAMILY-HOME-ENTERTAINMENT,Maple Town The Case Of The Missing Candy Fhe Family Home Entertainment
Marsupilami-Marsuper-Duper,Marsupilami Marsuper Duper
MARVEL-MATINEE-3-SUPER-HERO-ADVENTURES,Marvel Matinee 3 Super Hero Adventures
MARY-RICE-HOPKINS-UNIQUELY-HIS,Mary Rice Hopkins Uniquely His
MASSACRE-AT-FORT-HOLMAN,Massacre At Fort Holman
MASTER-CLASS-SELF-DEFENCE-FOR-WOMEN-WITH-STEVE-POWELL,Master Class Self Defence For Women With Steve Powell
MASTERING-THE-BROADSWORD-STARRING-MASTER-ERIC-LEE,Mastering The Broadsword Starring Master Eric Lee
MASTERING-THE-DEADLIFT-PANTHER-PRODUCTIONS,Mastering The Deadlift Panther Productions
MASTERS-OF-THE-UNIVERSE-A-GOLDEN-BOOK-VIDEO,Masters Of The Universe A Golden Book Video
MASTERS-OF-THE-UNIVERSE,Masters Of The Universe
MATILDA,Matilda
MAXIMUM-RISK,Maximum Risk
MAZES-_-MONSTERS-TOM-HANKS,Mazes _ Monsters Tom Hanks
MC-BAIN,Mc Bain
MCGEE-AND-ME-TAKE-ME-OUT-TO-THE-BALL-GAME,Mcgee And Me Take Me Out To The Ball Game
MENSAGEIRO-DA-MORTE,Mensageiro Da Morte
MERCHANTS-OF-WAR,Merchants Of War
MERRY-CHRISTMAS-VIDEO-GREETING-CARD,Merry Christmas Video Greeting Card
MERRY-MOTHER-GOOSE-RHYMES-AND-STORIES-A-GOLDEN-BOOK-VIDEO,Merry Mother Goose Rhymes And Stories A Golden Book Video
MESSENGER-OF-DEATH,Messenger Of Death
MIAMI-HORROR,Miami Horror
MICKEY-MOUSE-COLLECTORS-EDITION-ORIGINAL-BLACK-AND-WHITE-ANIMATION,Mickey Mouse Collectors Edition Original Black And White Animation
MIDNIGHT-CROSSING,Midnight Crossing
MIGHTY-MORPHIN-POWER-RANGERS-HAPPY-BIRTHDAY-ZACK,Mighty Morphin Power Rangers Happy Birthday Zack
MIGHTY-MOUSE-AND-FRIENDS,Mighty Mouse And Friends
Milk-Cap-Mania-Volume-1,Milk Cap Mania Volume 1
MIRACLE-MILE,Miracle Mile
MISSING-IN-ACTION-2-THE-BEGINNING,Missing In Action 2 The Beginning
MISSION-PHANTOM,Mission Phantom
MONSTER-EASTER,Monster Easter
MONSTER-IN-MY-POCKET,Monster In My Pocket
MONSTER-SQUAD,Monster Squad
MOONRAKER,Moonraker
MORTAL-CHALLENGE,Mortal Challenge
MOUSERCISE-WALT-DISNEY-HOME-VIDEO,Mousercise Walt Disney Home Video
MOVING-TARGETS,Moving Targets
MR-T-T-AND-T,Mr T T And T
MR-TS-BE-SOMEBODY-OR-BE-SOMEBODYS-FOOL,Mr Ts Be Somebody Or Be Somebodys Fool
MRCV-DER-KILLERROBOT,Mrcv Der Killerrobot
MS-45,Ms 45
MUMMIES-ALIVE,Mummies Alive
MUNCHIE,Munchie
MUPPET-FAMILY-CHRISTMAS,Muppet Family Christmas
MUTANT-HUNT-2,Mutant Hunt 2
MY-BIBLE-FRIENDS-BY-ETTA-B-DEGERING-VOLUME-2,My Bible Friends By Etta B Degering Volume 2
MY-HOME-COMMANDO,My Home Commando
MY-PET-MONSTER-A-GOLDEN-BOOK-VIDEO,My Pet Monster A Golden Book Video
MY-PET-MONSTER-A-LIVE-ACTION-VIDEO-CASSETTE,My Pet Monster A Live Action Video Cassette
MY-PET-MONSTER-CARTOON-VOLUME-9-MONSTER-MAKES-THE-GRADE,My Pet Monster Cartoon Volume 9 Monster Makes The Grade
MY-SCIENCE-PROJECT,My Science Project
MY-SIDE-OF-THE-MOUNTAIN,My Side Of The Mountain
MY-UNCLE-THE-ALIEN,My Uncle The Alien
MYSTERY-MONSTERS,Mystery Monsters
NANNY-AND-ISAIAH-ADVENTURES-THE-SECRET-OF0THE-SECOND-BASEMENT,Nanny And Isaiah Adventures The Secret Of0The Second Basement
NANNY-AND-ISAIAH-ADVENTURES-THE-WINNING-COMBINATION,Nanny And Isaiah Adventures The Winning Combination
NEON-MANIACS-VIDEO-FOR-PLEASURE,Neon Maniacs Video For Pleasure
NEW-GIRL,New Girl
NEW-KIDS-ON-THE-BLOCK-CARTOON-SHEIK-OF-MY-DREAMS,New Kids On The Block Cartoon Sheik Of My Dreams
New-Kids-on-The-Block-Step-By-Step,New Kids On The Block Step By Step
NICKELODEON-FRIENDS-VARIETY-PACK,Nickelodeon Friends Variety Pack
NIGHT-OF-THE-SHARKS,Night Of The Sharks
NIKITA,Nikita
NINJA-3-THE-DOMINATION,Ninja 3 The Domination
NINJA-COMMANDOS,Ninja Commandos
NINJA-KIDS,Ninja Kids
NINJA-TERMINATOR,Ninja Terminator
NINJA-TURF,Ninja Turf
NINJA-USA,Ninja Usa
NINJA-VENGEANCE,Ninja Vengeance
NINJA-WARS-AND-NINJA-TERMINATOR-DOUBLE-FEATURE,Ninja Wars And Ninja Terminator Double Feature
NINJAS-EXTREME-WEAPONS,Ninjas Extreme Weapons
NINTENDO-GAME-PLAYERS-GAMETAPE-VOL-1-NO-6,Nintendo Game Players Gametape Vol 1 No 6
NOOZLES-BLINKY-AND-PINKYS-EXCELLENT-ADVENTURE,Noozles Blinky And Pinkys Excellent Adventure
NOT-QUITE-HUMAN,Not Quite Human
NURSERY-RHYMES,Nursery Rhymes
NUZZLING-WITH-THE-NOOZLES-A-MAGICAL-ADVENTURE,Nuzzling With The Noozles A Magical Adventure
OANO-DO-TIGRE,Oano Do Tigre
ODD-COUPLE-KUNG-FU,Odd Couple Kung Fu
OMEGA-COP,Omega Cop
OMEGA-DOOM,Omega Doom
ONE-ARMED-EXECUTIONER,One Armed Executioner
ONE-DOWN-TWO-TO-GO,One Down Two To Go
OPERATION-DUMBO-DROP,Operation Dumbo Drop
OPERATION-PARATROOPER,Operation Paratrooper
OPERATION-SCORPIO,Operation Scorpio
OPERATION-WARBUS,Operation Warbus
ORIGINAL-FLIPPER-SERIES-SHARK-HUNT-AND-AGENT-BUD,Original Flipper Series Shark Hunt And Agent Bud
ORIONS-BELT,Orions Belt
OSA,Osa
OTHELLO-THE-BLACK-COMMANDO,Othello The Black Commando
OVER-THE-TOP,Over The Top
PEE-WEES-PLAYHOUSE-ICE-CREAM-SOUP,Pee Wees Playhouse Ice Cream Soup
PEE-WEES-PLAYHOUSE-LUAU-FOR-TWO,Pee Wees Playhouse Luau For Two
PENITENTIARY-3,Penitentiary 3
PENTATHLON-DOLPH-LUNDGREN,Pentathlon Dolph Lundgren
PETER-LUNDY-AND-THE-MEDICINE-HAT-STALLION,Peter Lundy And The Medicine Hat Stallion
PHANTOM-SOLDIERS,Phantom Soldiers
PINOCCHIO-WALT-DISNEY-THE-CLASSICS,Pinocchio Walt Disney The Classics
PIPPI-ON-THE-RUN-PIPPI-LONGSTOCKING,Pippi On The Run Pippi Longstocking
PLATOON-LEADER,Platoon Leader
POKEMON-THE-FIRST-MOVIE,Pokemon The First Movie
POLICE-ACADEMY-THE-ANIMATED-SERIES-VOLUME-2,Police Academy The Animated Series Volume 2
POPEYE-MEETS-SINBAD-THE-SAILOR,Popeye Meets Sinbad The Sailor
POPPLES-TREASURE-OF-POPPLE-BEACH,Popples Treasure Of Popple Beach
POTATO-HEAD-KIDS-VOLUME-1,Potato Head Kids Volume 1
POWER-FORCE,Power Force
PRAYING-MANTIS,Praying Mantis
PRECIOUS-MOMENTS-FOUNTAIN-OF-ANGELS,Precious Moments Fountain Of Angels
PRECIOUS-MOMENTS-PRESENTS-TIMMYS-SPECIAL-DELIVERY,Precious Moments Presents Timmys Special Delivery
PREDATOR,Predator
PSALTYS-FUNTASTIC-PRAISE-PARTY,Psaltys Funtastic Praise Party
PUFF-THE-MAGIC-DRAGON,Puff The Magic Dragon
PUSS-N-BOOTS-TRAVELS-AROUND-THE-WORLD,Puss N Boots Travels Around The World
PYTHON,Python
QUACK-PACK-ALIEN-ATTACK,Quack Pack Alien Attack
QUARK-THE-DRAGON-SLAYER,Quark The Dragon Slayer
RAGGEDY-ANN-AND-FRIENDS,Raggedy Ann And Friends
RAID-ON-ENTEBBE,Raid On Entebbe
RAMBO-3,Rambo 3
RAMBO-CARTOON-SAVAGE-ISLAND,Rambo Cartoon Savage Island
RAMBOS-REVENGE,Rambos Revenge
RAND-MCNALLY-VIDEO-TRIP-THE-BLACK-HILLS,Rand Mcnally Video Trip The Black Hills
RANDY-THE-MACHO-MAN-SAVAGE-THE-MISSING-MATCHES,Randy The Macho Man Savage The Missing Matches
RAW-DEAL,Raw Deal
RAW-FORCE,Raw Force
RED-FORCE-2-CYNTHIA-ROTHROCK-MICHELLE-KHAN,Red Force 2 Cynthia Rothrock Michelle Khan
RED-FORCE-3-CYNTHIA-KHAN,Red Force 3 Cynthia Khan
RED-SCORPION,Red Scorpion
RED-SONJA,Red Sonja
REDNECK-COUNTY,Redneck County
REMEMBERING-PEARL-HARBOR-THE-STORY-OF-THE-USS-ARIZONA-MEMORIAL,Remembering Pearl Harbor The Story Of The Uss Arizona Memorial
REN-AND-STIMPY-HAVE-YOURSELF-A-STINKY-LITTLE-CHRISTMAS,Ren And Stimpy Have Yourself A Stinky Little Christmas
RESCUE-FORCE,Rescue Force
RETURN-OF-RED-TIGER-BRUCE-LE,Return Of Red Tiger Bruce Le
RETURN-OF-THE-TIGER,Return Of The Tiger
REVENGE-OF-THE-GODFATHER,Revenge Of The Godfather
REVENGE-OF-THE-MERCENARIES,Revenge Of The Mercenaries
REVENGE-OF-THE-NINJA,Revenge Of The Ninja
RICHARD-SCARRYS-A-GOLDEN-BOOK-VIDEO,Richard Scarrys A Golden Book Video
RIDING-THE-EDGE,Riding The Edge
RING-OF-STEEL,Ring Of Steel
RIVALS-BRIDGESTONE-MULTIMEDIA,Rivals Bridgestone Multimedia
RIVALS,Rivals
RIVERS-EDGE,Rivers Edge
ROAD-GAMES,Road Games
ROAD-WARRIORS-TAG-TEAM-CHAMPS,Road Warriors Tag Team Champs
ROAR,Roar
ROBBERS-OF-SACRED-MOUNTAIN,Robbers Of Sacred Mountain
ROBIN-HOOD-MAKES-GOOD,Robin Hood Makes Good
ROBO-FORMERS-STAR-OF-FEAR,Robo Formers Star Of Fear
ROBOCOP-CARTOON-A-ROBOTS-REVENGE,Robocop Cartoon A Robots Revenge
ROBOCOP,Robocop
ROBOTECH-VOLUME-1,Robotech Volume 1
ROBOWAR,Robowar
ROLLING-VENGEANCE,Rolling Vengeance
ROME-2033-THE-FIGHTER-CENTURIONS,Rome 2033 The Fighter Centurions
ROOFTOPS-IVE-ENTERTAINMENT,Rooftops Ive Entertainment
RUDOLPH-AND-THE-ISLAND-OF-MISFIT-TOYS,Rudolph And The Island Of Misfit Toys
RUDOLPH-THE-RED-NOSED-REINDEER-THE-MOVIE,Rudolph The Red Nosed Reindeer The Movie
RUDOLPHS-SHINY-NEW-YEAR,Rudolphs Shiny New Year
RUGRATS-A-BABYS-GOTTA-DO-WHAT-A-BABYS-GOTTA-DO,Rugrats A Babys Gotta Do What A Babys Gotta Do
RUGRATS-DECADE-IN-DIAPERS-NICKELODEON,Rugrats Decade In Diapers Nickelodeon
RUNAWAY-RALPH-ABC-KIDTIME,Runaway Ralph Abc Kidtime
RUNNING-BRAVE,Running Brave
RUSH,Rush
SAFETY-4-KIDS,Safety 4 Kids
SAMURAI-REINCARNATION-SONNY-CHIBA,Samurai Reincarnation Sonny Chiba
SAMURAI-REINCARNATION,Samurai Reincarnation
SANTA-AND-PETE,Santa And Pete
SANTA-AND-THE-THREE-BEARS-UAV-HOME-VIDEO,Santa And The Three Bears Uav Home Video
SANTA-CLAUS-WITH-PUNCH-AND-JUDY,Santa Claus With Punch And Judy
SANTAS-CHRISTMAS-CRASH,Santas Christmas Crash
SANTAS-SURPRISE-CHRISTMAS-CLASSICS,Santas Surprise Christmas Classics
SAVAGE-DAWN,Savage Dawn
SAVAGE-MUTINY,Savage Mutiny
SAVAGE-STREETS,Savage Streets
SAVED-BY-THE-BELL-KING-OF-THE-HILL-AND-DANCING-TO-THE-MAX,Saved By The Bell King Of The Hill And Dancing To The Max
SCAMPER-THE-PENQUIN,Scamper The Penquin
SCHOOL-HOUSE-ROCK-AMERICA-ROCK,School House Rock America Rock
SCHOOL-HOUSE-ROCK-SCIENCE-ROCK,School House Rock Science Rock
SCOOBY-DOO-2-MONSTERS-UNLEASHED,Scooby Doo 2 Monsters Unleashed
SCRUBBERS,Scrubbers
SEABERT-THE-ADVENTURE-BEGINS,Seabert The Adventure Begins
SEARCH-AND-DESTROY,Search And Destroy
SECRET-EXECUTIONERS,Secret Executioners
SECRET-OF-TREASURE-MOUNTAIN,Secret Of Treasure Mountain
SERGEANT-PRESTON-OF-THE-YUKON-WOUNDED-MOUSE,Sergeant Preston Of The Yukon Wounded Mouse
SESAME-SONGS-HOME-VIDEO-DANCE-ALONG,Sesame Songs Home Video Dance Along
SESAME-STREET-A-GOLDEN-BOOK-VIDEO,Sesame Street A Golden Book Video
SHADOW-HUNTER,Shadow Hunter
SHAMUS,Shamus
SHARE-THE-WORLD-EVERYONE-MATTERS,Share The World Everyone Matters
SHARK-STARRING-BURT-REYNOLDS,Shark Starring Burt Reynolds
SHERI-LEWIS-LAMB-CHOPS-PLAY-ALONG-ACTION-SONGS,Sheri Lewis Lamb Chops Play Along Action Songs
SHERLOCK-HOLMES-FRENCH-CARTOON,Sherlock Holmes French Cartoon
SHERLOCK-HOUND-DISAPPEARANCE-OF-THE-ROYAL-HORSE,Sherlock Hound Disappearance Of The Royal Horse
SHINING-TIME-STATION-STACY-CLEANS-UP,Shining Time Station Stacy Cleans Up
SHINING-TIME-STATION-THE-JUKE-BOX-PUPPET-BAND,Shining Time Station The Juke Box Puppet Band
SHORT-WAVE,Short Wave
SIDEKICKS,Sidekicks
SIESTA,Siesta
SLEDGE-HAMMER-HAMMERED-THE-BEST-OF-SLEDGE,Sledge Hammer Hammered The Best Of Sledge
SLEEPING-BEAUTY,Sleeping Beauty
SLOANE,Sloane
SMARKUS-AND-COMPANY,Smarkus And Company
SNO-LINE,Sno Line
SNOW-WHITE-INTERGLOBAL-HOME-VIDEO,Snow White Interglobal Home Video
SOLARWARRIORS,Solarwarriors
SOLDIER-WARRIORS,Soldier Warriors
SON-OF-GODZILLA,Son Of Godzilla
SONIC-THE-HEDGEHOG-SONIC-RACER,Sonic The Hedgehog Sonic Racer
SPEED-RACER-CAR-WITH-A-BRAIN,Speed Racer Car With A Brain
SPIDER-MAN-AND-HIS-AMAZING-FRIENDS-SPIDEY-GOES-HOLLYWOOD,Spider Man And His Amazing Friends Spidey Goes Hollywood
SPIDER-WOMAN,Spider Woman
SPOT-GOES-TO-THE-FARM,Spot Goes To The Farm
STACEY,Stacey
STAN-LEES-MUTANTS-MONSTERS-AND-MARVELS,Stan Lees Mutants Monsters And Marvels
STAR-TREK-THE-ANIMATED-SERIES-YESTERYEAR-AND-BEYOND-THE-FARTHEST-STAR,Star Trek The Animated Series Yesteryear And Beyond The Farthest Star
STARCHASER-THE-LEGEND-OF-ORIN,Starchaser The Legend Of Orin
STARCROSSED,Starcrossed
STATUTORY-AFFAIR-CHARLES-BRONSON-SUSAN-GEORGE,Statutory Affair Charles Bronson Susan George
STEEL-DAWN-PATRICK-SWAYZE,Steel Dawn Patrick Swayze
STEEL-DAWN,Steel Dawn
STEEL-JUSTICE,Steel Justice
STINGRAY,Stingray
STREET-ANGELS,Street Angels
STREET-FIGHTER-2-ANIMATED,Street Fighter 2 Animated
STREET-FIGHTER-GAME-SIMULATION-VIDEO-CAPCOM,Street Fighter Game Simulation Video Capcom
STREET-LAW-FRANCO-NERO-BARBARA-BACH,Street Law Franco Nero Barbara Bach
STREET-LAW,Street Law
STREET-SHARKS-SHARK-N-ROLL,Street Sharks Shark N Roll
STRIKE+COMMANDO+2,Strike+Commando+2
STRIKE+COMMANDO,Strike+Commando
STRONG-KIDS-SAFE-KIDS-A-FAMILY-GUIDE,Strong Kids Safe Kids A Family Guide
SUBURBAN-COMMANDO,Suburban Commando
SUDDEN-DEATH,Sudden Death
SUMMERDOG,Summerdog
SUPER-DRAGONS-AND-MAFIA-VS-NINJA,Super Dragons And Mafia Vs Ninja
SUPER-DRAGONS-DYNAMO,Super Dragons Dynamo
SUPERBOY-SUPER-POWERS-COLLECTION,Superboy Super Powers Collection
SUPERMAN-THE-MOVIE,Superman The Movie
SURF-NAZIS-MUST-DIE-MEDIA-HOME-ENTERTAINMENT,Surf Nazis Must Die Media Home Entertainment
SWAMP-DIAMONDS,Swamp Diamonds
SWEET-REVENGE,Sweet Revenge
TALES-FROM-THE-CRYPTKEEPER-GORILLAS-PAW,Tales From The Cryptkeeper Gorillas Paw
Tales-From-The-Cryptkeeper-VHS-While-The-Cats-Away,Tales From The Cryptkeeper Vhs While The Cats Away
TALESPIN-TRUE-BALOO,Talespin True Baloo
TALL-TALE,Tall Tale
TARZAN-AND-HIS-MATE,Tarzan And His Mate
TC-2000,Tc 2000
TEALEAF,Tealeaf
TEENAGE-MUTANT-NINJA-TURTLES-2-THE-SECRET-OF-THE-OOZE,Teenage Mutant Ninja Turtles 2 The Secret Of The Ooze
TEENAGE-MUTANT-NINJA-TURTLES-APRIL-FOOLISH,Teenage Mutant Ninja Turtles April Foolish
Teenage-Mutant-Ninja-Turtles-Coming-Out-Of-Our-Shells-Tour,Teenage Mutant Ninja Turtles Coming Out Of Our Shells Tour
TEENAGE-MUTANT-NINJA-TURTLES-HEROES-IN-A-HALFSHELL,Teenage Mutant Ninja Turtles Heroes In A Halfshell
TEENAGE-MUTANT-NINJA-TURTLES-SKY-TURTLES-BURKING-KING-KIDS-CLUB,Teenage Mutant Ninja Turtles Sky Turtles Burking King Kids Club
TEENAGE-MUTANT-NINJA-TURTLES-THE-EPIC-BEGINS,Teenage Mutant Ninja Turtles The Epic Begins
TEENAGE-MUTANT-NINJA-TURTLES-THE-GREAT-BOLDINI-BURGER-KING-KIDS-CLUB,Teenage Mutant Ninja Turtles The Great Boldini Burger King Kids Club
TEENAGE-MUTANT-NINJA-TURTLES-WAYS-OF-THE-WARRIOR-RETURN-OF-THE-ULTIMATE-NINJA,Teenage Mutant Ninja Turtles Ways Of The Warrior Return Of The Ultimate Ninja
TELETUBBIES-AND-THE-SNOW,Teletubbies And The Snow
TELL-ME-A-STORY-WITH-CHUCK-LARKIN,Tell Me A Story With Chuck Larkin
TELLING-TIME-WATCH-N-LEARN,Telling Time Watch N Learn
TERMINAL-ENTRY,Terminal Entry
TERMINAL-FORCE,Terminal Force
TERROR-IN-ROMA,Terror In Roma
TEX-EN-DE-HEERSER-OVER-DE-ABYSSES,Tex En De Heerser Over De Abysses
THAT-DARN-CAT,That Darn Cat
THAT-WAS-THEN-THIS-IS-NOW,That Was Then This Is Now
THE+NEW+GODFATHERS,The+New+Godfathers
THE-5TH-DAY-OF-PEACE-VIDEO-GEMS-THE-MOST-BIZARRE-EXECUTION-IN-THE-ANNALS-OF-HISTORY,The 5Th Day Of Peace Video Gems The Most Bizarre Execution In The Annals Of History
THE-ADAMS-FAMILY-THE-RELUCTANT-ASTRONAUTS-AND-TRIP-TO-THE-MOON,The Adams Family The Reluctant Astronauts And Trip To The Moon
THE-ADVENTURES-OF-CAPTAIN-MARVEL,The Adventures Of Captain Marvel
THE-ADVENTURES-OF-MARK-TWAIN,The Adventures Of Mark Twain
THE-ADVENTURES-OF-PEER-GYNT,The Adventures Of Peer Gynt
THE-ADVENTURES-OF-PINOCCHIO,The Adventures Of Pinocchio
THE-ADVENTURES-OF-SUPERMAN-THE-MAN-OF-STEEL-FUNTOON-CLASSICS,The Adventures Of Superman The Man Of Steel Funtoon Classics
THE-ADVENTURES-OF-THE-WILDERNESS-FAMILY,The Adventures Of The Wilderness Family
THE-ADVENTURES-OF-TIMMY-THE-TOOTH-BIG-MOUTH-GULCH,The Adventures Of Timmy The Tooth Big Mouth Gulch
THE-AGONY-AND-THE-ECSTASY,The Agony And The Ecstasy
THE-AMAZING-BOOK,The Amazing Book
THE-AMAZING-MR-NO-LEGS,The Amazing Mr No Legs
THE-ANDERSON-PLATOON,The Anderson Platoon
THE-ANNIHILATORS,The Annihilators
THE-ARK-OF-THE-SUN-GOD,The Ark Of The Sun God
THE-ASSIGNMENT,The Assignment
THE-BARBARIANS,The Barbarians
THE-BEAT,The Beat
THE-BERENSTAIN-BEARS-NO-GIRLS-ALLOWED,The Berenstain Bears No Girls Allowed
THE-BERENSTAIN0BEARS-CHRISTMAS-TREE,The Berenstain0Bears Christmas Tree
THE-BERERNSTAIN-BEARS-AND-THE-MESSY-ROOM,The Berernstain Bears And The Messy Room
THE-BIG-PUSH,The Big Push
THE-BIGGEST-EVER-PRE-SCHOOL-VIDEO,The Biggest Ever Pre School Video
THE-BLACK-SIX,The Black Six
THE-BLADE-MASTER,The Blade Master
THE-BLAZING-NINJA-VIDEO-TREASURES,The Blazing Ninja Video Treasures
THE-BLOOD-OF-HEROES-RUTGER-HAUER,The Blood Of Heroes Rutger Hauer
THE-BOY-WHO-CRIED-WOLF-PLUS-THE-EMPERORS-NEW-CLOTHES,The Boy Who Cried Wolf Plus The Emperors New Clothes
THE-BRAVE-TIN-SOLDIER-AND-OTHER-CARTOON-CLASSICS,The Brave Tin Soldier And Other Cartoon Classics
THE-BROTHER,The Brother
THE-BROTHERHOOD-OF-DEATH,The Brotherhood Of Death
THE-BUGS-BUNNY-ROAD-RUNNER-MOVIE,The Bugs Bunny Road Runner Movie
THE-CALIFORNIA-RAISINS-2-RAISINS-SOLD-OUT,The California Raisins 2 Raisins Sold Out
The-California-Raisins-Meet-The-Raisins,The California Raisins Meet The Raisins
THE-CARE-BEARS-MEET-THE-LOVABLE-MONSTERS,The Care Bears Meet The Lovable Monsters
THE-CAT-FROM-OUTER-SPACE,The Cat From Outer Space
THE-CD-FILES,The Cd Files
THE-CHARGE-OF-THE-MODEL-TS,The Charge Of The Model Ts
THE-CHILDRENS-HEROES-OF-THE-BIBLE-THE-STORY-OF-JESUS-PART-1,The Childrens Heroes Of The Bible The Story Of Jesus Part 1
THE-COMIC-BOOK-KIDS,The Comic Book Kids
THE-COUNTRY-MOUSE-AND-THE-CITY-MOUSE-ADVENTURES-FRISCO-RUMBLE,The Country Mouse And The City Mouse Adventures Frisco Rumble
THE-CROW,The Crow
THE-DARK-CRYSTAL,The Dark Crystal
THE-DAY-AFTER,The Day After
THE-DEAD-POOL,The Dead Pool
THE-DELOS-ADVENTURE,The Delos Adventure
THE-DESERT-TIGERS-MAGNUM-ENTERTAINMENT,The Desert Tigers Magnum Entertainment
THE-DESTROYERS,The Destroyers
THE-DEVIL-HUNTER,The Devil Hunter
THE-DIRT-BIKE-KID,The Dirt Bike Kid
THE-DOLL-SQUAD,The Doll Squad
THE-EASTER-EGG-ADVENTURE,The Easter Egg Adventure
THE-EMERALD-FOREST,The Emerald Forest
THE-EMPERORS-NEW-CLOTHES,The Emperors New Clothes
THE-EXTERMINATOR,The Exterminator
THE-FILLING-STATION-MUDPIES-AND-FEATHERS,The Filling Station Mudpies And Feathers
THE-FINAL-TERROR,The Final Terror
THE-FORGOTTEN-TOYS,The Forgotten Toys
THE-GARBAGE-PAIL-KIDS-MOVIE,The Garbage Pail Kids Movie
THE-GIRL-IN-THE-YELLOW-PYJAMAS,The Girl In The Yellow Pyjamas
THE-GLADIATOR-STARMAKER,The Gladiator Starmaker
THE-GLOVE,The Glove
THE-GOLDMINE,The Goldmine
THE-GREAT-BEAR-SCARE,The Great Bear Scare
THE-GREAT-ESCAPE,The Great Escape
THE-GREAT-LAND-OF-SMALL,The Great Land Of Small
THE-GREATEST-ADVENTURE-OF-THE-BIBLE-DAVID-AND-GOLIATH,The Greatest Adventure Of The Bible David And Goliath
THE-GREATEST-ADVENTURE-OF-THE-BIBLE-JONAH,The Greatest Adventure Of The Bible Jonah
THE-GREATEST-ADVENTURE-OF-THE-BIBLE-THE-CREATION,The Greatest Adventure Of The Bible The Creation
THE-GREATEST-ADVENTURE-OF-THE-BIBLE-THE-EASTER-STORY,The Greatest Adventure Of The Bible The Easter Story
THE-GREATEST-ADVENTURE-OF-THE-BIBLE-THE-NATIVITY,The Greatest Adventure Of The Bible The Nativity
THE-GREATEST-ADVENTURE-STORIES-OF-THE-BIBLE-DAVID-AND-GOLIATH,The Greatest Adventure Stories Of The Bible David And Goliath
THE-HARD-WAY,The Hard Way
THE-HIT,The Hit
THE-HOBOKEN-CHICKEN-EMERGENCY,The Hoboken Chicken Emergency
THE-HOOTCH-COUNTY-BOYS,The Hootch County Boys
THE-HULKSTER-HULK-HOGAN,The Hulkster Hulk Hogan
THE-HUMAN-FACTOR-SYBIL-DANNINGS-ADVENTURE-VIDEO,The Human Factor Sybil Dannings Adventure Video
THE-HUMAN-RACE-CLUB-CASEYS-REVENGE,The Human Race Club Caseys Revenge
THE-INCREDIBLE-HULK-RETURNS-INCREDIBLE-HULK-VS-THOR,The Incredible Hulk Returns Incredible Hulk Vs Thor
THE-INSTRUCTOR,The Instructor
THE-JETSONS-NO-SPACE-FOR-SPROCKETS,The Jetsons No Space For Sprockets
THE-JUNGLE-BOOK-MOWGLI-COMES-TO-THE-JUNGLE,The Jungle Book Mowgli Comes To The Jungle
THE-JUNGLE-BOOK-SABU,The Jungle Book Sabu
THE-JUNKMAN,The Junkman
THE-KEN-PATERA-STORY,The Ken Patera Story
THE-KID-A-LITTLES-VOLUME-2,The Kid A Littles Volume 2
THE-KING-BOXERS,The King Boxers
THE-LAST-CONTRACT-JACK-PALANCE,The Last Contract Jack Palance
THE-LAST-DINOSAUR,The Last Dinosaur
THE-LAST-HUNTER,The Last Hunter
THE-LAST-MATCH,The Last Match
THE-LAST-UNICORN,The Last Unicorn
THE-LAST-WAR,The Last War
THE-LAST-WARRIOR,The Last Warrior
THE-LAW-OF-THE-VIOLENCE,The Law Of The Violence
THE-LAWLESS-LAND,The Lawless Land
THE-LEGEND-OF-BRUCE-LEE,The Legend Of Bruce Lee
THE-LEGEND-OF-THE-HAWAIIAN-SLAMMERS,The Legend Of The Hawaiian Slammers
THE-LEGEND-OF-THE-ROLLER-BLADE-SEVEN-FRANK-STALLONE-JOE-ESTEVEZ-KAREN-BLACK,The Legend Of The Roller Blade Seven Frank Stallone Joe Estevez Karen Black
THE-LEGEND-OF-YOUNG-ROBIN-HOOD,The Legend Of Young Robin Hood
THE-LIGHT-AT-THE-EDGE-OF-THE-WORLD,The Light At The Edge Of The World
THE-LITTLE-DRUMMER-BOY,The Little Drummer Boy
THE-LITTLE-MERMAID-GOODTIMES-VIDEO,The Little Mermaid Goodtimes Video
THE-LONE-NINJA-WARRIOR,The Lone Ninja Warrior
THE-LONE-STAR-KID-WONDERWORKS-FAMILY-MOVIE,The Lone Star Kid Wonderworks Family Movie
THE-MAGIC-OF-CHRISTMAS-AT-WALT-DISNEY-WORLD,The Magic Of Christmas At Walt Disney World
THE-MAGIC-SCHOOL-BUS-INSIDE-THE-HAUNTED-HOUSE,The Magic School Bus Inside The Haunted House
THE-MAGIC-WORLD-OF-ART,The Magic World Of Art
THE-MAGNIFICENT-HUSTLE-GEORGE-HAMILTON-ALBERT-SALMI,The Magnificent Hustle George Hamilton Albert Salmi
THE-MAKING-OF-TEENAGE-MUTANT-NINJA-TURTLES-BEHIND-THE-SCENES,The Making Of Teenage Mutant Ninja Turtles Behind The Scenes
THE-MAKING-OF-TERMINATOR-2-JUDGMENT-DAY,The Making Of Terminator 2 Judgment Day
THE-MAN-OF-BRONZE-DOC-SAVAGE,The Man Of Bronze Doc Savage
THE-MASK-ANIMATED-SERIES-BABYS-WILD-RIDE,The Mask Animated Series Babys Wild Ride
THE-MASK-ANIMATED-SERIES-S-S-S-SOMEBODY-STOP-ME,The Mask Animated Series S S S Somebody Stop Me
THE-MASK-ANIMATED-SERIES,The Mask Animated Series
THE-MIGHTY-PAWNS-WONDERWORKS-FAMILY-MOVIE-PAUL-WINFIELD-ALFONSO-RIBEIRO,The Mighty Pawns Wonderworks Family Movie Paul Winfield Alfonso Ribeiro
THE-MONSTER-SQUAD,The Monster Squad
THE-MUPPET-BABIES-TIME-TO-PLAY,The Muppet Babies Time To Play
THE-NEW-KIDS,The New Kids
THE-NORFIN-ADVENTURES-THE-GREAT-EGG-ROBBERY,The Norfin Adventures The Great Egg Robbery
THE-ONLY-WAY-HOME,The Only Way Home
THE-ORIGIN-OF-CAPTAIN-AMERICA,The Origin Of Captain America
THE-PEE-WEE-HERMAN-SHOW,The Pee Wee Herman Show
THE-PERFECT-KILLER,The Perfect Killer
THE-PIRATES-OF-DARK-WATER-ANDORUS,The Pirates Of Dark Water Andorus
THE-PIRATES-OF-DARK-WATER-BEAST-AND-THE-BELL,The Pirates Of Dark Water Beast And The Bell
THE-PIRATES-OF-DARK-WATER-THE-SAGA-BEGINS,The Pirates Of Dark Water The Saga Begins
THE-POSTMAN-ALWAYS-RINGS-TWICE,The Postman Always Rings Twice
THE-PRINCESS-BRIDE,The Princess Bride
THE-PUZZLE-PLACE-ROCK-DREAMS,The Puzzle Place Rock Dreams
THE-RAVAGERS,The Ravagers
THE-REAL-GHOSTBUSTERS-PLAY-THEM-RAGTIME-BOOS,The Real Ghostbusters Play Them Ragtime Boos
THE-RETURN-OF-CAPTAIN-INVINCIBLE,The Return Of Captain Invincible
THE-RETURN-OF-GUMBY,The Return Of Gumby
THE-RUNNING-MAN,The Running Man
THE-SECRET-LIVES-OF-WALDO-KITTY,The Secret Lives Of Waldo Kitty
THE-SEVENTH-BROTHER,The Seventh Brother
THE-SEWERS-OF-PARADISE,The Sewers Of Paradise
THE-SMUGGLER,The Smuggler
THE-STINGIEST-MAN-IN-TOWN,The Stingiest Man In Town
THE-STORY-OF-DANIEL-AND-THE-LIONS-DEN-THE-BEGINNERS-BIBLE,The Story Of Daniel And The Lions Den The Beginners Bible
THE-STREET-FIGHTER,The Street Fighter
THE-SUPER-MARIO-BROS-SUPER-SHOW-PRINCESS-I-SHRUNK-THE-MARIO,The Super Mario Bros Super Show Princess I Shrunk The Mario
THE-SWAMP-CRITTERS-OF-LOST-LAGOON-PHATRAT-AND-THE-MANATEES,The Swamp Critters Of Lost Lagoon Phatrat And The Manatees
THE-SWORD-AND-THE-SORCERER,The Sword And The Sorcerer
THE-SWORD-IN-THE-STONE,The Sword In The Stone
THE-TALE-OF-THE-BUNNY-PICNIC,The Tale Of The Bunny Picnic
THE-TANGERINE-BEAR,The Tangerine Bear
THE-TERRORISTS,The Terrorists
THE-THREE-BEARS,The Three Bears
THE-THREE-LIVES-OF-THOMASINA,The Three Lives Of Thomasina
THE-TIME-GUARDIAN-ORION-HOME-VIDEO,The Time Guardian Orion Home Video
THE-TOMB,The Tomb
THE-TRAP,The Trap
THE-ULTIMATE-THRILL,The Ultimate Thrill
THE-VERY-HUNGRY-CATERPILLAR-AND-OTHER-STORIES-DISNEY-PRESENTS,The Very Hungry Caterpillar And Other Stories Disney Presents
THE-VINDICATOR-KEY-VIDEO,The Vindicator Key Video
THE-WACKY-ADVENTURES-OF-RONALD-MCDONALD-BIRTHDAY-WORLD,The Wacky Adventures Of Ronald Mcdonald Birthday World
THE-WACKY-ADVENTURES-OF-RONALD-MCDONALD-THE-LEGEND-OF-GRIMACE-ISLAND,The Wacky Adventures Of Ronald Mcdonald The Legend Of Grimace Island
THE-WACKY-ADVENTURES-OF-RONALD-MCDONALD-THE-VISITORS-FROM-OUTER-SPACE,The Wacky Adventures Of Ronald Mcdonald The Visitors From Outer Space
THE-WARRIORS-OF-WORLD-WAR-2,The Warriors Of World War 2
THE-WILD-PAIR,The Wild Pair
THE-WITCHES,The Witches
THE-WIZARD-JAPAN,The Wizard Japan
THE-WIZARD-OF-OZ-THE-ANIMATED-SERIES-FEARLESS,The Wizard Of Oz The Animated Series Fearless
THE-WIZARD-OF-OZ-THE-ANIMATED-SERIES-THE-RESCUE-OF-OZ,The Wizard Of Oz The Animated Series The Rescue Of Oz
THE-WIZARD,The Wizard
THE-WORLD-ACCORDING-TO-GUMBY,The World According To Gumby
THE-WORLD-OF-TEDDY-RUXPIN-WIN-WON-FOR-THE-TWIPPER,The World Of Teddy Ruxpin Win Won For The Twipper
THE-WORST-WITCH,The Worst Witch
THE-WWF-WRESTLING-CLASSIC,The Wwf Wrestling Classic
THE-ZERO-BOYS-OMEGA-ENTERTAINMENT,The Zero Boys Omega Entertainment
THIS-IS-THE-ARMY,This Is The Army
THRASHIN,Thrashin
THREE+DAYS+TO+A+KILL,Three+Days+To+A+Kill
THRILL-KILL,Thrill Kill
THUNDARR-THE-BARBARIAN-SECRET-OF-THE-BLACK-PEARL,Thundarr The Barbarian Secret Of The Black Pearl
THUNDERGROUND,Thunderground
TIGER-JOE-JAPAN,Tiger Joe Japan
TIGER-JOE,Tiger Joe
TIME-TO-KILL,Time To Kill
TIME-WARS,Time Wars
TINY-TOON-FIENDISHLY-FUNNY-ADVENTURES,Tiny Toon Fiendishly Funny Adventures
TINY-TOTS-BIBLE-STORY-VIDEO,Tiny Tots Bible Story Video
TIP-TOP-WITH-SUZY-PRUDDEN,Tip Top With Suzy Prudden
TO-CATCH-A-KING,To Catch A King
TOBY-AND-HIS-VIDEO-PALS-TIME-FOR-A-PARTY,Toby And His Video Pals Time For A Party
TODAYS-SPECIAL-VOLUME-1,Todays Special Volume 1
TOM-SAWYER-AND-FRIENDS,Tom Sawyer And Friends
TOO-SMART-FOR-STRANGERS-WITH-WINNIE-THE-POO,Too Smart For Strangers With Winnie The Poo
TOPLINE,Topline
TORN-ALLEGIANCE,Torn Allegiance
TORNADO-LIGHTNING-VIDEO,Tornado Lightning Video
TORNADO,Tornado
TOTAL-RECALL,Total Recall
TOUGH-AND-DEADLY-RODDY-PIPER-BILLY-BLANKS,Tough And Deadly Roddy Piper Billy Blanks
TOUGH-TO-KILL,Tough To Kill
TOYS-IN-PLAYLAND,Toys In Playland
TRACI-LORDS-IS-NOT-OF-THIS-WORLD,Traci Lords Is Not Of This World
TRAINED-TO-KILL,Trained To Kill
TRANSFORMERS-MEGATRONS-MASTER-PLAN,Transformers Megatrons Master Plan
TRANSFORMERS,Transformers
TREASURE-OF-BRUCE-LEE-AND-BIG-RASCAL-DOUBLE-FEATURE,Treasure Of Bruce Lee And Big Rascal Double Feature
TROUBLE-IN-MIND,Trouble In Mind
TRUCK-TURNER,Truck Turner
TUBBY-THE-TUBA,Tubby The Tuba
TURNING-THE-POWER-ON-ESPN-HOME-VIDEO,Turning The Power On Espn Home Video
TWICE-DEAD,Twice Dead
TYSON-VS-SPINKS-ONCE-AND-FOR-ALL,Tyson Vs Spinks Once And For All
ULTIMATE-WARRIOR-WWF,Ultimate Warrior Wwf
ULTRA-MAN,Ultra Man
UNCOMMON-VALOR-PARAMOUNT-HOME-VIDEO,Uncommon Valor Paramount Home Video
UNCOMMON-VALOR,Uncommon Valor
UP-THE-CREEK,Up The Creek
VACATION-IN-HELL,Vacation In Hell
VENGEANCE-IS-MINE-ERNEST-BORGNINE,Vengeance Is Mine Ernest Borgnine
VIDEO-BABY,Video Baby
VIOLENT-PROTECTION,Violent Protection
VISIONARIES-KNIGHTS-OF-THE-MAGICAL-LIGHT-FERYL-STEPS-OUT,Visionaries Knights Of The Magical Light Feryl Steps Out
WAR-DOG,War Dog
WAR-GAMES-BASH-87,War Games Bash 87
WAR-GAMES,War Games
WARRIOR-OF-THE-LOST-WORLD,Warrior Of The Lost World
WATER-BABIES,Water Babies
WE-WISH-YOU-A-TURTLE-CHRISTMAS,We Wish You A Turtle Christmas
WEAPONS-OF-DEATH,Weapons Of Death
WEE-SING-THE-BEST-CHRISTMAS-EVER,Wee Sing The Best Christmas Ever
WEE-SING-TOGETHER-A-MAGICAL-MUSICAL,Wee Sing Together A Magical Musical
WET-GOLD,Wet Gold
WHEELS-OF-TERROR,Wheels Of Terror
WHITE-FIRE-WITH-ROBERT-GINTY,White Fire With Robert Ginty
WHITE-LINE-FEVER,White Line Fever
WHITE-MISCHIEF,White Mischief
WHY-VIETNAM,Why Vietnam
WILD-THING,Wild Thing
WILD-WEST-COWBOYS-OF-MOO-MESA-DANCES-WITH-BULLS,Wild West Cowboys Of Moo Mesa Dances With Bulls
WILD-WHEELS,Wild Wheels
WILLOW,Willow
WISH-KID-A-MATTER-OF-PRINCIPAL,Wish Kid A Matter Of Principal
WISH-KID-TOP-GUN-WILL-TRAVEL,Wish Kid Top Gun Will Travel
WISHBONE-FRANKENBONE,Wishbone Frankenbone
WISHBONE-HOMER-SWEET-HOMER,Wishbone Homer Sweet Homer
WISHBONE-THE-SLOBBERY-HOUND,Wishbone The Slobbery Hound
WIZARDS,Wizards
WORLDS-GREATEST-TRAIN-RIDE-VIDEOS-CANADA,Worlds Greatest Train Ride Videos Canada
WRAITH,Wraith
WRESTLEMANIA-1,Wrestlemania 1
WRESTLEMANIA-3,Wrestlemania 3
WRESTLEMANIA-4,Wrestlemania 4
WRESTLEMANIA-5,Wrestlemania 5
WRESTLEMANIA-6,Wrestlemania 6
WRESTLEMANIA-8,Wrestlemania 8
WU-TANG-NING,Wu Tang Ning
WWF-1992-BATTLE-OF-THE-SUPERSTARS,Wwf 1992 Battle Of The Superstars
WWF-ACTION-ZONE,Wwf Action Zone
WWF-CONFIRMED-HITS,Wwf Confirmed Hits
WWF-DEMOLITION,Wwf Demolition
WWF-GLOBAL-WARFARE,Wwf Global Warfare
WWF-RAW-STRATEGIES-AND-SECRETS-THE-VIDEO-GUIDE,Wwf Raw Strategies And Secrets The Video Guide
WWF-ROYAL-RUMBLE-1991,Wwf Royal Rumble 1991
WWF-SMACK-EM-WHACK-EM,Wwf Smack Em Whack Em
WWF-SUMMER-SLAM-GREATEST-HITS,Wwf Summer Slam Greatest Hits
WWF-SUPERSTARS-THE-MUSIC-VIDEO,Wwf Superstars The Music Video
WWF-WRESTLEMANIA-2,Wwf Wrestlemania 2
WWF-WRESTLINGS-BIGGEST-SMALLEST-STRANGEST-STRONGEST,Wwf Wrestlings Biggest Smallest Strangest Strongest
ZAPPERS-BLADE-OF-VENGEANCE,Zappers Blade Of Vengeance
ZIGGYS-GIFT,Ziggys Gift